,cong_position,Retweets,Likes,Incivility,posemo,negemo,anx,anger,sad,is_policy,CAP_Policy,weighted_pol,cat,year,group_status
0,D,4,1,0.07625044,4.35,0.0,0.0,0.0,0.0,1,P3,-0.7992122048590776,,2007,NA
1,D,5,6,0.120025866,8.33,0.0,0.0,0.0,0.0,0,P0,-0.59409969509794,Democrat In-Group,2007,InGroup
2,R,0,0,0.19975464,0.0,5.26,0.0,0.0,5.26,1,P1,,,2007,NA
3,R,0,0,0.059049655,8.7,0.0,0.0,0.0,0.0,1,P15,,,2007,NA
4,D,0,0,0.068392254,0.0,0.0,0.0,0.0,0.0,1,P15,,,2008,NA
5,D,0,0,0.10200619,0.0,0.0,0.0,0.0,0.0,1,P16,,Democrat In-Group,2008,InGroup
6,D,0,0,0.049518954,0.0,0.0,0.0,0.0,0.0,0,P3,,,2008,NA
7,D,0,0,0.19682048,0.0,0.0,0.0,0.0,0.0,0,P0,,Democrat In-Group,2008,InGroup
8,D,0,0,0.031355154,8.33,0.0,0.0,0.0,0.0,0,P12,,Democrat In-Group,2008,InGroup
9,D,0,0,0.0745531,4.76,0.0,0.0,0.0,0.0,1,P6,,Democrat In-Group,2008,InGroup
10,D,0,0,0.11460244,3.85,0.0,0.0,0.0,0.0,1,P8,,,2008,NA
11,D,0,0,0.21050784,0.0,0.0,0.0,0.0,0.0,1,P15,,,2008,NA
12,D,0,0,0.060703762,4.17,0.0,0.0,0.0,0.0,1,P1,,,2008,NA
13,D,0,0,0.016675288,9.09,0.0,0.0,0.0,0.0,0,P0,,,2008,NA
14,D,0,0,0.1678509,6.25,0.0,0.0,0.0,0.0,0,P0,,,2008,NA
15,D,0,0,0.06407797,0.0,0.0,0.0,0.0,0.0,0,P12,,,2008,NA
16,D,0,0,0.06444368,9.09,0.0,0.0,0.0,0.0,1,P10,,,2008,NA
17,D,0,0,0.043104604,11.11,0.0,0.0,0.0,0.0,1,P10,,,2008,NA
18,D,0,0,0.119747125,0.0,0.0,0.0,0.0,0.0,1,P15,,,2008,NA
19,D,0,0,0.056341577,0.0,0.0,0.0,0.0,0.0,1,P1,,,2008,NA
20,D,0,0,0.1446149,0.0,0.0,0.0,0.0,0.0,1,P1,,,2008,NA
21,D,0,0,0.097816005,0.0,0.0,0.0,0.0,0.0,0,P2,,,2008,NA
22,D,0,0,0.57913405,12.0,8.0,4.0,0.0,4.0,0,P19,,,2008,NA
23,D,0,0,0.054563016,0.0,0.0,0.0,0.0,0.0,0,P0,,,2008,NA
24,D,0,0,0.0856241,4.55,0.0,0.0,0.0,0.0,0,P0,,Democrat In-Group,2008,InGroup
25,D,0,0,0.12179275,4.35,0.0,0.0,0.0,0.0,0,P0,,,2008,NA
26,D,0,0,0.061590545,0.0,0.0,0.0,0.0,0.0,0,P0,,Democrat In-Group,2008,InGroup
27,D,0,0,0.06893879,0.0,0.0,0.0,0.0,0.0,0,P0,,,2008,NA
28,D,0,1,0.068252325,9.09,0.0,0.0,0.0,0.0,0,P0,,,2008,NA
29,D,0,0,0.1200093,0.0,0.0,0.0,0.0,0.0,0,P0,,,2008,NA
30,D,0,0,0.06562092,12.5,0.0,0.0,0.0,0.0,0,P0,,,2008,NA
31,D,0,0,0.13986342,0.0,0.0,0.0,0.0,0.0,0,P0,,Democrat In-Group,2008,InGroup
32,D,1,0,0.103449695,0.0,0.0,0.0,0.0,0.0,0,P2,,,2008,NA
33,D,0,0,0.063320346,0.0,0.0,0.0,0.0,0.0,0,P0,,Democrat In-Group,2008,InGroup
34,D,0,0,0.05891877,4.76,0.0,0.0,0.0,0.0,0,P0,,,2008,NA
35,D,0,0,0.12274388,4.76,0.0,0.0,0.0,0.0,0,P0,,,2008,NA
36,D,0,0,0.09856648,0.0,0.0,0.0,0.0,0.0,1,P19,,Democrat In-Group,2008,InGroup
37,D,0,0,0.04504973,0.0,0.0,0.0,0.0,0.0,0,P0,,,2008,NA
38,D,0,0,0.058943305,0.0,0.0,0.0,0.0,0.0,0,P0,,,2008,NA
39,D,0,0,0.1230643,8.7,0.0,0.0,0.0,0.0,0,P0,,,2008,NA
40,D,2,2,0.06858929,3.85,0.0,0.0,0.0,0.0,0,P0,-1.109375,,2008,NA
41,D,0,0,0.14820738,0.0,0.0,0.0,0.0,0.0,1,P11,,Democrat Out-Group,2008,OutGroup
42,D,0,0,0.21803252,8.7,4.35,0.0,4.35,0.0,1,P11,,,2008,NA
43,D,0,0,0.077985644,0.0,0.0,0.0,0.0,0.0,1,P15,,,2008,NA
44,D,0,0,0.024530727,28.57,0.0,0.0,0.0,0.0,1,P12,,,2008,NA
45,D,0,0,0.0735386,0.0,0.0,0.0,0.0,0.0,0,P0,,,2008,NA
46,D,0,0,0.05038477,6.67,0.0,0.0,0.0,0.0,1,P2,,,2008,NA
47,D,0,0,0.07106536,0.0,0.0,0.0,0.0,0.0,0,P0,,,2008,NA
48,D,0,0,0.06784193,13.64,0.0,0.0,0.0,0.0,0,P0,,,2008,NA
49,D,0,0,0.10535698,0.0,0.0,0.0,0.0,0.0,0,P0,,,2008,NA
50,D,0,0,0.08898738,12.5,0.0,0.0,0.0,0.0,0,P19,,,2008,NA
51,D,0,0,0.032018963,0.0,0.0,0.0,0.0,0.0,1,P10,,,2008,NA
52,D,0,0,0.120488845,0.0,0.0,0.0,0.0,0.0,0,P19,,,2008,NA
53,D,0,1,0.06956172,0.0,0.0,0.0,0.0,0.0,0,P0,,,2008,NA
54,D,0,1,0.04425443,0.0,0.0,0.0,0.0,0.0,1,P5,,,2008,NA
55,D,0,0,0.1209367,0.0,0.0,0.0,0.0,0.0,0,P13,,,2008,NA
56,D,0,0,0.07266431,0.0,0.0,0.0,0.0,0.0,0,P0,,,2008,NA
57,D,0,0,0.117297895,5.56,0.0,0.0,0.0,0.0,1,P3,,,2008,NA
58,D,0,0,0.0202446,0.0,0.0,0.0,0.0,0.0,1,P14,,,2008,NA
59,D,0,0,0.07182892,5.26,0.0,0.0,0.0,0.0,1,P12,,,2008,NA
60,D,0,0,0.029507853,5.26,0.0,0.0,0.0,0.0,1,P14,,,2008,NA
61,D,0,0,0.10290849,0.0,0.0,0.0,0.0,0.0,0,P0,,,2008,NA
62,D,0,0,0.20347208,0.0,0.0,0.0,0.0,0.0,0,P0,,Democrat In-Group,2008,InGroup
63,D,0,0,0.05705128,0.0,4.0,0.0,0.0,4.0,1,P5,,,2008,NA
64,D,0,0,0.14079894,0.0,0.0,0.0,0.0,0.0,1,P10,,,2008,NA
65,D,0,0,0.046846427,0.0,0.0,0.0,0.0,0.0,0,P0,,,2008,NA
66,D,0,0,0.11851258,16.67,0.0,0.0,0.0,0.0,1,P1,,Democrat Out-Group,2008,OutGroup
67,D,0,0,0.09691094,0.0,0.0,0.0,0.0,0.0,0,P15,,Democrat In-Group,2008,InGroup
68,D,0,0,0.1641691,6.25,0.0,0.0,0.0,0.0,0,P0,,,2008,NA
69,D,0,0,0.09214273,5.26,0.0,0.0,0.0,0.0,0,P0,,,2008,NA
70,D,0,0,0.06981025,5.56,0.0,0.0,0.0,0.0,1,P13,,,2008,NA
71,D,0,0,0.03237329,0.0,0.0,0.0,0.0,0.0,1,P15,,,2008,NA
72,D,0,0,0.07788854,12.5,0.0,0.0,0.0,0.0,1,P15,,,2008,NA
73,D,0,0,0.073509395,4.55,0.0,0.0,0.0,0.0,0,P1,,Democrat In-Group,2008,InGroup
74,D,0,0,0.041780923,4.55,0.0,0.0,0.0,0.0,1,P5,,,2008,NA
75,D,0,0,0.07344361,0.0,0.0,0.0,0.0,0.0,1,P10,,,2008,NA
76,D,0,0,0.058934238,0.0,0.0,0.0,0.0,0.0,1,P10,,,2008,NA
77,D,0,0,0.052741516,0.0,0.0,0.0,0.0,0.0,0,P0,,,2008,NA
78,D,0,0,0.11948082,6.67,6.67,0.0,6.67,0.0,1,P15,,,2008,NA
79,D,0,0,0.09942659,0.0,0.0,0.0,0.0,0.0,1,P11,,,2008,NA
80,D,0,0,0.040612448,7.14,0.0,0.0,0.0,0.0,0,P19,,,2008,NA
81,D,0,1,0.081792496,5.0,0.0,0.0,0.0,0.0,1,P14,,,2008,NA
82,D,0,0,0.49905333,0.0,0.0,0.0,0.0,0.0,0,P0,,,2008,NA
83,D,0,0,0.11955112,0.0,0.0,0.0,0.0,0.0,1,P15,,,2008,NA
84,D,0,0,0.012514723,0.0,0.0,0.0,0.0,0.0,0,P0,,,2008,NA
85,D,0,0,0.062031697,0.0,0.0,0.0,0.0,0.0,0,P0,,,2008,NA
86,D,0,0,0.03511114,0.0,0.0,0.0,0.0,0.0,0,P0,,,2008,NA
87,D,0,0,0.017854957,0.0,0.0,0.0,0.0,0.0,0,P0,,,2008,NA
88,D,0,1,0.067699276,8.33,0.0,0.0,0.0,0.0,1,P13,,,2008,NA
89,D,0,0,0.12264932,5.0,0.0,0.0,0.0,0.0,1,P13,,,2008,NA
90,D,0,1,0.5680558,7.14,0.0,0.0,0.0,0.0,0,P0,,Democrat In-Group,2008,InGroup
91,D,0,0,0.07840422,0.0,0.0,0.0,0.0,0.0,1,P10,,,2008,NA
92,D,0,0,0.0715246,4.76,0.0,0.0,0.0,0.0,1,P12,,Democrat In-Group,2008,InGroup
93,D,0,0,0.10055455,0.0,0.0,0.0,0.0,0.0,0,P0,,Democrat In-Group,2008,InGroup
94,D,0,0,0.14734466,0.0,0.0,0.0,0.0,0.0,1,P10,,,2008,NA
95,D,0,0,0.065741174,0.0,0.0,0.0,0.0,0.0,0,P0,,,2008,NA
96,D,0,0,0.1044255,0.0,0.0,0.0,0.0,0.0,0,P0,,,2008,NA
97,D,0,0,0.041279014,0.0,0.0,0.0,0.0,0.0,1,P14,,,2008,NA
98,D,0,0,0.073256776,0.0,0.0,0.0,0.0,0.0,1,P1,,,2008,NA
99,D,0,0,0.07381191,4.76,0.0,0.0,0.0,0.0,0,P2,,Democrat In-Group,2008,InGroup
100,D,0,0,0.023591606,6.67,0.0,0.0,0.0,0.0,1,P1,,,2008,NA
101,D,0,0,0.06716728,0.0,0.0,0.0,0.0,0.0,0,P2,,,2008,NA
102,D,0,0,0.019112227,0.0,0.0,0.0,0.0,0.0,0,P3,,,2008,NA
103,D,0,0,0.024458226,0.0,0.0,0.0,0.0,0.0,1,P10,,,2008,NA
104,D,0,0,0.07128021,0.0,0.0,0.0,0.0,0.0,0,P0,,Democrat In-Group,2008,InGroup
105,D,0,0,0.08059937,0.0,0.0,0.0,0.0,0.0,1,P10,,,2008,NA
106,D,0,0,0.1422769,0.0,0.0,0.0,0.0,0.0,0,P0,,,2008,NA
107,D,0,0,0.05999131,0.0,0.0,0.0,0.0,0.0,1,P10,,,2008,NA
108,D,0,0,0.12203449,0.0,0.0,0.0,0.0,0.0,1,P1,,Democrat In-Group,2008,InGroup
109,D,0,0,0.036903966,5.0,0.0,0.0,0.0,0.0,1,P6,,,2008,NA
110,D,0,0,0.120015025,0.0,0.0,0.0,0.0,0.0,0,P0,,,2008,NA
111,D,0,0,0.039764956,0.0,4.55,0.0,0.0,0.0,0,P0,,,2008,NA
112,D,0,0,0.0636941,0.0,0.0,0.0,0.0,0.0,0,P0,,,2008,NA
113,D,0,0,0.12673025,16.67,0.0,0.0,0.0,0.0,0,P0,,,2008,NA
114,D,1,0,0.13881047,0.0,0.0,0.0,0.0,0.0,0,P0,,Democrat In-Group,2008,InGroup
115,D,0,0,0.07417586,0.0,0.0,0.0,0.0,0.0,0,P0,,Democrat In-Group,2008,InGroup
116,D,0,0,0.1004139,0.0,0.0,0.0,0.0,0.0,0,P0,,Democrat In-Group,2008,InGroup
117,D,0,0,0.06908815,0.0,5.26,0.0,5.26,0.0,1,P15,,,2008,NA
118,D,0,0,0.14064759,0.0,0.0,0.0,0.0,0.0,1,P10,,,2008,NA
119,D,0,0,0.09432543,4.17,0.0,0.0,0.0,0.0,1,P3,,,2008,NA
120,D,0,0,0.080271035,0.0,0.0,0.0,0.0,0.0,0,P0,,,2008,NA
121,D,0,0,0.08282943,0.0,0.0,0.0,0.0,0.0,0,P19,,,2008,NA
122,D,0,0,0.068207644,8.33,0.0,0.0,0.0,0.0,1,P15,,,2008,NA
123,D,0,0,0.105079114,4.55,4.55,0.0,0.0,0.0,0,P0,,,2008,NA
124,D,0,0,0.050796077,7.14,0.0,0.0,0.0,0.0,1,P1,,,2008,NA
125,D,0,0,0.038555227,0.0,0.0,0.0,0.0,0.0,1,P6,,,2008,NA
126,D,0,0,0.068631366,6.25,0.0,0.0,0.0,0.0,0,P0,,,2008,NA
127,D,0,0,0.0865998,0.0,0.0,0.0,0.0,0.0,0,P0,,,2008,NA
128,D,0,0,0.06893879,0.0,0.0,0.0,0.0,0.0,0,P0,,,2008,NA
129,D,0,0,0.19608806,11.76,5.88,0.0,0.0,0.0,1,P19,,,2008,NA
130,D,0,0,0.020435097,4.76,0.0,0.0,0.0,0.0,0,P0,,,2008,NA
131,D,0,0,0.07214972,4.35,0.0,0.0,0.0,0.0,1,P14,,,2008,NA
132,D,0,0,0.025813747,0.0,0.0,0.0,0.0,0.0,1,P3,,,2008,NA
133,D,0,0,0.041694578,4.0,0.0,0.0,0.0,0.0,0,P0,,,2008,NA
134,D,0,0,0.04587622,0.0,0.0,0.0,0.0,0.0,0,P0,,Democrat In-Group,2008,InGroup
135,D,1,0,0.033206854,0.0,0.0,0.0,0.0,0.0,1,P14,0.2883435582822086,,2008,NA
136,D,0,0,0.09817106,0.0,0.0,0.0,0.0,0.0,0,P19,,,2008,NA
137,D,0,0,0.10353596,4.17,0.0,0.0,0.0,0.0,0,P0,,,2008,NA
138,D,0,0,0.069898926,6.25,0.0,0.0,0.0,0.0,0,P2,,,2008,NA
139,D,0,0,0.0534328,3.85,0.0,0.0,0.0,0.0,1,P1,,,2008,NA
140,D,0,0,0.07499913,4.35,0.0,0.0,0.0,0.0,1,P1,,,2008,NA
141,D,0,0,0.1806277,5.0,0.0,0.0,0.0,0.0,0,P0,,,2008,NA
142,D,0,0,0.052097645,0.0,0.0,0.0,0.0,0.0,0,P1,,,2008,NA
143,D,0,1,0.08971964,0.0,0.0,0.0,0.0,0.0,1,P10,,,2008,NA
144,D,0,0,0.08321573,8.33,0.0,0.0,0.0,0.0,0,P0,,,2008,NA
145,D,0,0,0.13879089,4.76,9.52,4.76,0.0,0.0,1,P15,,,2008,NA
146,D,0,0,0.06685275,0.0,0.0,0.0,0.0,0.0,0,P0,,,2008,NA
147,D,0,0,0.1850624,4.35,0.0,0.0,0.0,0.0,0,P0,,,2008,NA
148,D,0,0,0.06029807,0.0,4.76,0.0,4.76,0.0,0,P0,,,2008,NA
149,D,0,0,0.014226259,10.53,5.26,0.0,0.0,0.0,1,P11,,,2008,NA
150,D,0,0,0.122165754,0.0,0.0,0.0,0.0,0.0,0,P0,,Democrat In-Group,2008,InGroup
151,D,0,0,0.06647246,0.0,0.0,0.0,0.0,0.0,0,P11,,,2008,NA
152,D,0,0,0.07693447,0.0,0.0,0.0,0.0,0.0,0,P0,,,2008,NA
153,D,0,0,0.045299493,0.0,0.0,0.0,0.0,0.0,0,P14,,,2008,NA
154,D,0,0,0.06602029,0.0,0.0,0.0,0.0,0.0,0,P0,,,2008,NA
155,D,0,0,0.071946405,0.0,0.0,0.0,0.0,0.0,0,P0,,,2008,NA
156,D,0,0,0.0721903,7.69,0.0,0.0,0.0,0.0,0,P0,,,2008,NA
157,D,0,0,0.07275652,5.56,0.0,0.0,0.0,0.0,1,P1,,,2008,NA
158,D,0,0,0.04787776,4.55,0.0,0.0,0.0,0.0,1,P1,,,2008,NA
159,D,0,0,0.06424311,4.76,0.0,0.0,0.0,0.0,0,P0,,,2008,NA
160,D,0,0,0.060398668,0.0,0.0,0.0,0.0,0.0,1,P1,,,2008,NA
161,D,0,0,0.09073507,9.09,0.0,0.0,0.0,0.0,0,P0,,,2008,NA
162,D,0,0,0.07126886,4.76,0.0,0.0,0.0,0.0,0,P0,,,2008,NA
163,D,0,0,0.16396649,5.0,0.0,0.0,0.0,0.0,1,P15,,,2008,NA
164,D,0,0,0.06432229,0.0,0.0,0.0,0.0,0.0,0,P0,,,2008,NA
165,D,0,0,0.106963724,0.0,0.0,0.0,0.0,0.0,1,P6,,,2008,NA
166,D,0,0,0.07154469,0.0,0.0,0.0,0.0,0.0,0,P0,,Democrat Out-Group,2008,OutGroup
167,D,0,0,0.059952565,0.0,0.0,0.0,0.0,0.0,0,P0,,,2008,NA
168,D,0,0,0.086911164,0.0,0.0,0.0,0.0,0.0,1,P14,,,2008,NA
169,D,0,0,0.06000218,10.0,5.0,0.0,0.0,5.0,1,P8,,,2008,NA
170,D,0,0,0.10244332,4.55,0.0,0.0,0.0,0.0,0,P0,,,2008,NA
171,D,0,0,0.07009094,0.0,0.0,0.0,0.0,0.0,1,P13,,,2008,NA
172,D,0,0,0.12633985,0.0,4.55,4.55,0.0,0.0,1,P10,,,2008,NA
173,D,0,0,0.046976242,0.0,0.0,0.0,0.0,0.0,1,P1,,,2008,NA
174,D,0,0,0.013205716,0.0,0.0,0.0,0.0,0.0,1,P1,,,2008,NA
175,D,0,0,0.07118116,0.0,0.0,0.0,0.0,0.0,0,P0,,,2008,NA
176,D,0,0,0.10264209,0.0,0.0,0.0,0.0,0.0,0,P10,,,2008,NA
177,D,0,0,0.0283981,5.26,0.0,0.0,0.0,0.0,1,P15,,,2008,NA
178,D,0,0,0.025966499,0.0,0.0,0.0,0.0,0.0,1,P10,,,2008,NA
179,D,0,0,0.079731055,0.0,0.0,0.0,0.0,0.0,1,P9,,,2008,NA
180,D,0,0,0.08093023,0.0,0.0,0.0,0.0,0.0,0,P12,,,2008,NA
181,D,0,0,0.07951067,6.67,0.0,0.0,0.0,0.0,0,P11,,,2008,NA
182,D,0,1,0.07207331,0.0,3.85,0.0,0.0,3.85,1,P5,,,2008,NA
183,D,0,0,0.06213607,0.0,0.0,0.0,0.0,0.0,0,P0,,,2008,NA
184,D,0,0,0.12949124,0.0,0.0,0.0,0.0,0.0,0,P0,,,2008,NA
185,D,0,0,0.0918674,0.0,4.17,0.0,0.0,0.0,0,P0,,,2008,NA
186,D,0,0,0.073148,0.0,0.0,0.0,0.0,0.0,0,P0,,,2008,NA
187,D,0,0,0.081239104,0.0,0.0,0.0,0.0,0.0,0,P0,,Democrat In-Group,2008,InGroup
188,D,0,0,0.041461878,33.33,0.0,0.0,0.0,0.0,0,P0,,,2008,NA
189,D,0,0,0.033378784,4.0,4.0,0.0,0.0,0.0,1,P8,,,2008,NA
190,D,0,0,0.11672777,0.0,0.0,0.0,0.0,0.0,0,P2,,,2008,NA
191,D,0,0,0.20035425,0.0,0.0,0.0,0.0,0.0,1,P6,,,2008,NA
192,D,0,0,0.06592866,0.0,0.0,0.0,0.0,0.0,0,P0,,Democrat In-Group,2008,InGroup
193,R,0,0,0.28076613,7.69,0.0,0.0,0.0,0.0,0,P0,,,2008,NA
194,R,0,0,0.117506206,33.33,0.0,0.0,0.0,0.0,0,P0,,,2008,NA
195,R,0,0,0.06760381,5.56,0.0,0.0,0.0,0.0,0,P19,,,2008,NA
196,R,0,0,0.20905471,4.55,0.0,0.0,0.0,0.0,1,P8,,,2008,NA
197,R,0,0,0.09321214,0.0,0.0,0.0,0.0,0.0,1,P8,,,2008,NA
198,R,0,0,0.19753297,0.0,5.56,5.56,0.0,0.0,0,P0,,,2008,NA
199,R,0,0,0.106940396,10.71,3.57,0.0,0.0,3.57,1,P8,,,2008,NA
200,R,0,0,0.31867298,0.0,5.56,0.0,0.0,0.0,1,P1,,Republican Out-Group,2008,OutGroup
201,R,0,0,0.060486704,4.35,0.0,0.0,0.0,0.0,1,P8,,,2008,NA
202,R,0,0,0.2335688,8.0,4.0,0.0,4.0,0.0,1,P19,,,2008,NA
203,R,0,0,0.14206482,0.0,20.0,0.0,10.0,0.0,0,P0,,,2008,NA
204,R,0,0,0.09325547,10.0,0.0,0.0,0.0,0.0,1,P8,,Republican In-Group,2008,InGroup
205,R,0,0,0.14840487,9.52,0.0,0.0,0.0,0.0,1,P1,,,2008,NA
206,R,0,0,0.06845444,0.0,0.0,0.0,0.0,0.0,1,P8,,,2008,NA
207,R,0,0,0.07582366,9.09,4.55,4.55,0.0,0.0,1,P8,,,2008,NA
208,R,0,0,0.3731125,4.35,0.0,0.0,0.0,0.0,1,P8,,,2008,NA
209,R,0,0,0.04150717,0.0,0.0,0.0,0.0,0.0,1,P8,,,2008,NA
210,R,0,0,0.112810776,0.0,0.0,0.0,0.0,0.0,1,P8,,,2008,NA
211,R,0,0,0.1181505,4.0,0.0,0.0,0.0,0.0,1,P8,,,2008,NA
212,R,0,0,0.117812105,0.0,4.55,0.0,0.0,0.0,1,P8,,,2008,NA
213,R,0,0,0.059544962,14.29,4.76,0.0,0.0,0.0,1,P10,,,2008,NA
214,R,0,0,0.07476091,4.35,0.0,0.0,0.0,0.0,0,P8,,,2008,NA
215,R,0,0,0.03441172,8.7,0.0,0.0,0.0,0.0,1,P10,,,2008,NA
216,R,0,0,0.051370367,12.5,0.0,0.0,0.0,0.0,1,P8,,,2008,NA
217,R,0,0,0.19995636,9.52,0.0,0.0,0.0,0.0,1,P8,,,2008,NA
218,R,0,0,0.08941168,10.0,0.0,0.0,0.0,0.0,0,P0,,,2008,NA
219,R,0,0,0.0813297,0.0,0.0,0.0,0.0,0.0,0,P9,,,2008,NA
220,R,0,0,0.09586527,4.55,0.0,0.0,0.0,0.0,1,P19,,,2008,NA
221,R,0,0,0.06957281,3.85,0.0,0.0,0.0,0.0,1,P14,,,2008,NA
222,R,0,0,0.12444829,8.0,4.0,0.0,0.0,0.0,1,P10,,,2008,NA
223,R,0,0,0.04434841,0.0,0.0,0.0,0.0,0.0,0,P0,,,2008,NA
224,R,0,0,0.06471772,8.0,0.0,0.0,0.0,0.0,0,P7,,,2008,NA
225,R,0,0,0.1259789,10.34,0.0,0.0,0.0,0.0,1,P1,,,2008,NA
226,R,0,0,0.11056182,3.7,0.0,0.0,0.0,0.0,0,P0,,,2008,NA
227,R,0,1,0.27842546,8.0,0.0,0.0,0.0,0.0,1,P8,,,2008,NA
228,R,0,0,0.27909157,0.0,8.7,4.35,0.0,0.0,1,P18,,,2008,NA
229,R,0,0,0.086773686,4.17,4.17,4.17,0.0,0.0,0,P9,,Republican In-Group,2008,InGroup
230,R,0,0,0.19916867,0.0,25.0,0.0,0.0,25.0,0,P0,,,2008,NA
231,R,0,2,0.1918828,0.0,0.0,0.0,0.0,0.0,0,P0,,,2008,NA
232,R,0,0,0.07110113,20.0,0.0,0.0,0.0,0.0,0,P0,,,2008,NA
233,R,0,2,0.046646655,0.0,0.0,0.0,0.0,0.0,0,P0,,,2008,NA
234,R,0,2,0.23864886,0.0,0.0,0.0,0.0,0.0,0,P19,,Republican Out-Group,2008,OutGroup
235,R,0,2,0.21425527,0.0,0.0,0.0,0.0,0.0,1,P8,,Republican Out-Group,2008,OutGroup
236,R,0,1,0.33746964,0.0,0.0,0.0,0.0,0.0,0,P14,,Republican Out-Group,2008,OutGroup
237,R,0,2,0.16484745,4.35,0.0,0.0,0.0,0.0,1,P8,,,2008,NA
238,R,0,3,0.22681439,0.0,0.0,0.0,0.0,0.0,1,P8,,Republican Out-Group,2008,OutGroup
239,R,0,0,0.11876226,4.55,4.55,0.0,0.0,4.55,1,P8,,,2008,NA
240,R,0,3,0.16035604,6.25,0.0,0.0,0.0,0.0,0,P0,,Republican Out-Group,2008,OutGroup
241,R,0,2,0.32127345,0.0,7.14,0.0,7.14,0.0,0,P8,,,2008,NA
242,R,0,2,0.1641556,0.0,0.0,0.0,0.0,0.0,0,P19,,Republican Out-Group,2008,OutGroup
243,R,0,3,0.23168704,0.0,0.0,0.0,0.0,0.0,0,P0,,,2008,NA
244,R,1,4,0.0727545,0.0,0.0,0.0,0.0,0.0,0,P0,,,2008,NA
245,R,0,2,0.19151758,3.85,0.0,0.0,0.0,0.0,1,P8,,Republican Out-Group,2008,OutGroup
246,R,0,1,0.09092779,4.35,0.0,0.0,0.0,0.0,1,P8,,,2008,NA
247,R,0,2,0.34849545,0.0,0.0,0.0,0.0,0.0,1,P8,,Republican In-Group,2008,InGroup
248,R,0,2,0.12103079,0.0,0.0,0.0,0.0,0.0,0,P0,,Republican Out-Group,2008,OutGroup
249,R,0,1,0.047204696,0.0,0.0,0.0,0.0,0.0,0,P0,,,2008,NA
250,R,0,2,0.20721991,0.0,4.55,0.0,4.55,0.0,0,P19,,Republican Out-Group,2008,OutGroup
251,R,0,2,0.20907739,0.0,3.85,0.0,0.0,3.85,1,P8,,Republican In-Group,2008,InGroup
252,R,0,3,0.20907739,0.0,3.85,0.0,0.0,3.85,1,P8,,Republican In-Group,2008,InGroup
253,R,0,2,0.05408136,0.0,0.0,0.0,0.0,0.0,0,P0,,,2008,NA
254,R,0,1,0.30247128,4.76,0.0,0.0,0.0,0.0,1,P8,,Republican Out-Group,2008,OutGroup
255,R,0,1,0.17336674,0.0,0.0,0.0,0.0,0.0,0,P8,,,2008,NA
256,R,0,2,0.07589106,0.0,0.0,0.0,0.0,0.0,0,P19,,,2008,NA
257,R,0,1,0.13438655,0.0,5.26,0.0,0.0,5.26,1,P8,,,2008,NA
258,R,0,2,0.15498215,4.76,4.76,0.0,4.76,0.0,1,P8,,,2008,NA
259,R,0,5,0.12595975,4.55,4.55,0.0,0.0,4.55,1,P8,,Republican In-Group,2008,InGroup
260,R,0,2,0.085664704,4.35,0.0,0.0,0.0,0.0,0,P0,,,2008,NA
261,R,0,1,0.15591572,0.0,0.0,0.0,0.0,0.0,1,P8,,,2008,NA
262,R,0,0,0.02433913,11.11,0.0,0.0,0.0,0.0,0,P0,,,2008,NA
263,R,0,2,0.32184842,0.0,0.0,0.0,0.0,0.0,0,P8,,,2008,NA
264,R,0,2,0.27259156,0.0,0.0,0.0,0.0,0.0,0,P0,,,2008,NA
265,R,0,0,0.109200455,0.0,0.0,0.0,0.0,0.0,0,P19,,Republican In-Group,2008,InGroup
266,R,0,0,0.45793706,0.0,0.0,0.0,0.0,0.0,1,P19,,Republican Out-Group,2008,OutGroup
267,R,0,1,0.3121571,17.39,0.0,0.0,0.0,0.0,1,P8,,,2008,NA
268,R,0,0,0.4386448,4.76,9.52,0.0,0.0,0.0,1,P8,,,2008,NA
269,R,0,1,0.14040253,0.0,0.0,0.0,0.0,0.0,0,P0,,Republican Out-Group,2008,OutGroup
270,R,0,2,0.18621095,0.0,0.0,0.0,0.0,0.0,0,P0,,,2008,NA
271,R,0,2,0.10303235,0.0,0.0,0.0,0.0,0.0,0,P0,,,2008,NA
272,R,0,2,0.07367323,0.0,0.0,0.0,0.0,0.0,0,P0,,,2008,NA
273,R,0,0,0.03136046,14.29,0.0,0.0,0.0,0.0,1,P8,,,2008,NA
274,R,0,2,0.1276438,0.0,0.0,0.0,0.0,0.0,0,P0,,,2008,NA
275,R,0,2,0.062137716,7.69,0.0,0.0,0.0,0.0,0,P0,,,2008,NA
276,R,0,0,0.2266466,0.0,0.0,0.0,0.0,0.0,0,P0,,,2008,NA
277,R,0,4,0.15182073,0.0,5.26,0.0,0.0,0.0,1,P8,,Republican Out-Group,2008,OutGroup
278,R,0,2,0.047422968,0.0,0.0,0.0,0.0,0.0,0,P0,,,2008,NA
279,R,0,0,0.14353324,0.0,0.0,0.0,0.0,0.0,0,P0,,,2008,NA
280,R,0,0,0.06576667,0.0,0.0,0.0,0.0,0.0,1,P8,,,2008,NA
281,R,0,2,0.13524656,0.0,0.0,0.0,0.0,0.0,0,P0,,,2008,NA
282,R,0,0,0.15581536,0.0,0.0,0.0,0.0,0.0,0,P19,,,2008,NA
283,R,0,0,0.12174633,12.5,0.0,0.0,0.0,0.0,0,P0,,,2008,NA
284,R,0,4,0.11138353,8.0,0.0,0.0,0.0,0.0,0,P0,,,2008,NA
285,R,0,0,0.04444001,25.0,0.0,0.0,0.0,0.0,0,P0,,,2008,NA
286,R,0,0,0.097186275,0.0,0.0,0.0,0.0,0.0,1,P20,,,2008,NA
287,R,0,0,0.15941513,23.53,0.0,0.0,0.0,0.0,0,P0,,,2008,NA
288,R,0,0,0.089787304,4.17,0.0,0.0,0.0,0.0,1,P0,,,2008,NA
289,R,0,0,0.059174206,0.0,0.0,0.0,0.0,0.0,0,P0,,,2008,NA
290,R,0,0,0.09517505,0.0,0.0,0.0,0.0,0.0,1,P19,,,2008,NA
291,R,0,0,0.071289025,4.35,0.0,0.0,0.0,0.0,0,P0,,,2008,NA
292,R,0,0,0.11859895,21.05,0.0,0.0,0.0,0.0,0,P14,,,2008,NA
293,R,0,0,0.124300554,14.29,0.0,0.0,0.0,0.0,0,P0,,,2008,NA
294,R,0,1,0.12381608,4.17,0.0,0.0,0.0,0.0,0,P0,,,2008,NA
295,R,0,0,0.07148561,16.0,0.0,0.0,0.0,0.0,0,P0,,,2008,NA
296,R,0,0,0.1128605,0.0,0.0,0.0,0.0,0.0,0,P14,,,2008,NA
297,R,0,0,0.093887754,0.0,8.0,0.0,0.0,0.0,0,P0,,,2008,NA
298,R,0,0,0.120892406,4.55,0.0,0.0,0.0,0.0,1,P1,,Republican Out-Group,2008,OutGroup
299,R,0,0,0.38672933,5.0,5.0,0.0,0.0,0.0,1,P3,,Republican Out-Group,2008,OutGroup
300,R,0,1,0.2320493,0.0,0.0,0.0,0.0,0.0,0,P8,,,2008,NA
301,R,0,1,0.1670961,3.85,3.85,0.0,3.85,0.0,0,P19,,,2008,NA
302,R,0,1,0.16163804,3.7,0.0,0.0,0.0,0.0,0,P8,,,2008,NA
303,R,0,1,0.3726881,4.35,0.0,0.0,0.0,0.0,0,P0,,,2008,NA
304,R,0,1,0.18262811,8.33,4.17,0.0,4.17,0.0,1,P2,,,2008,NA
305,R,0,1,0.09315796,4.35,0.0,0.0,0.0,0.0,0,P0,,Republican In-Group,2008,InGroup
306,R,0,1,0.4031505,0.0,4.0,0.0,0.0,0.0,0,P0,,,2008,NA
307,R,0,0,0.14866026,0.0,0.0,0.0,0.0,0.0,1,P8,,,2008,NA
308,R,0,0,0.23175395,0.0,0.0,0.0,0.0,0.0,0,P0,,,2008,NA
309,R,0,0,0.05201246,5.0,0.0,0.0,0.0,0.0,1,P19,,Republican Out-Group,2008,OutGroup
310,R,0,0,0.20293573,8.33,0.0,0.0,0.0,0.0,1,P8,,,2008,NA
311,R,0,0,0.16828814,0.0,0.0,0.0,0.0,0.0,0,P0,,,2008,NA
312,R,0,0,0.17663357,0.0,0.0,0.0,0.0,0.0,0,P0,,,2008,NA
313,R,0,0,0.120078176,3.7,0.0,0.0,0.0,0.0,0,P8,,,2008,NA
314,R,0,1,0.30379894,10.0,5.0,0.0,5.0,0.0,1,P8,,,2008,NA
315,R,0,0,0.22675608,0.0,0.0,0.0,0.0,0.0,0,P9,,Republican In-Group,2008,InGroup
316,R,0,0,0.28295395,14.29,14.29,0.0,0.0,0.0,0,P0,,,2008,NA
317,R,0,0,0.25722933,0.0,0.0,0.0,0.0,0.0,0,P0,,,2008,NA
318,R,0,0,0.4449355,0.0,14.29,14.29,0.0,0.0,0,P0,,,2008,NA
319,R,0,0,0.16626534,0.0,0.0,0.0,0.0,0.0,0,P0,,,2008,NA
320,R,0,0,0.071406245,9.09,0.0,0.0,0.0,0.0,0,P0,,,2008,NA
321,R,0,0,0.15369627,3.7,0.0,0.0,0.0,0.0,1,P8,,,2008,NA
322,R,0,0,0.11166646,13.64,0.0,0.0,0.0,0.0,0,P19,,,2008,NA
323,R,0,0,0.06684323,4.0,0.0,0.0,0.0,0.0,0,P16,,,2008,NA
324,R,0,1,0.120208,7.14,0.0,0.0,0.0,0.0,1,P8,,,2008,NA
325,R,1,1,0.1202809,3.85,0.0,0.0,0.0,0.0,0,P2,,,2008,NA
326,R,0,1,0.52349234,0.0,0.0,0.0,0.0,0.0,0,P8,,,2008,NA
327,R,0,0,0.40592983,0.0,0.0,0.0,0.0,0.0,0,P0,,Republican In-Group,2008,InGroup
328,R,0,1,0.13196765,0.0,0.0,0.0,0.0,0.0,0,P0,,Republican In-Group,2008,InGroup
329,R,0,0,0.0666627,0.0,4.0,0.0,0.0,0.0,0,P19,,Republican In-Group,2008,InGroup
330,R,0,0,0.1803077,0.0,0.0,0.0,0.0,0.0,0,P11,,,2008,NA
331,R,0,0,0.09680201,0.0,0.0,0.0,0.0,0.0,0,P0,,,2008,NA
332,R,0,0,0.040810686,11.11,0.0,0.0,0.0,0.0,0,P16,,,2008,NA
333,R,0,0,0.068537466,14.29,0.0,0.0,0.0,0.0,0,P0,,,2008,NA
334,R,0,0,0.094633356,0.0,0.0,0.0,0.0,0.0,0,P0,,,2008,NA
335,R,0,0,0.14115809,4.55,0.0,0.0,0.0,0.0,0,P16,,,2008,NA
336,R,0,0,0.09680201,0.0,0.0,0.0,0.0,0.0,0,P0,,,2008,NA
337,R,0,0,0.0662389,0.0,0.0,0.0,0.0,0.0,0,P0,,,2008,NA
338,R,0,0,0.19125247,3.45,0.0,0.0,0.0,0.0,0,P0,,,2008,NA
339,R,0,0,0.07071474,0.0,0.0,0.0,0.0,0.0,0,P0,,,2008,NA
340,R,0,1,0.39063063,3.85,3.85,0.0,0.0,0.0,0,P16,,,2008,NA
341,R,0,1,0.49361473,7.69,15.38,0.0,0.0,0.0,0,P0,,Republican Out-Group,2008,OutGroup
342,R,0,0,0.31938374,0.0,7.69,0.0,0.0,0.0,0,P0,,,2008,NA
343,R,0,0,0.098191805,33.33,0.0,0.0,0.0,0.0,0,P0,,,2008,NA
344,R,0,1,0.120743945,0.0,0.0,0.0,0.0,0.0,0,P0,,,2008,NA
345,R,0,0,0.04053532,0.0,0.0,0.0,0.0,0.0,0,P0,,,2008,NA
346,R,0,0,0.06427592,10.71,0.0,0.0,0.0,0.0,0,P0,,,2008,NA
347,R,0,0,0.0913674,33.33,0.0,0.0,0.0,0.0,0,P0,,,2008,NA
348,R,0,0,0.20871104,0.0,0.0,0.0,0.0,0.0,0,P0,,,2008,NA
349,R,0,0,0.07213571,13.33,0.0,0.0,0.0,0.0,0,P2,,Republican In-Group,2008,InGroup
350,R,0,0,0.040252175,0.0,3.23,0.0,0.0,3.23,0,P0,,,2008,NA
351,R,0,0,0.12058305,0.0,0.0,0.0,0.0,0.0,0,P0,,,2008,NA
352,R,0,0,0.11266437,3.85,0.0,0.0,0.0,0.0,0,P0,,,2008,NA
353,R,0,0,0.15420605,0.0,4.0,0.0,4.0,0.0,0,P0,,,2008,NA
354,R,0,1,0.0939899,4.55,9.09,0.0,0.0,0.0,0,P0,,,2008,NA
355,R,0,3,0.31152406,0.0,8.33,0.0,8.33,0.0,0,P2,,,2008,NA
356,R,0,1,0.21488851,11.76,0.0,0.0,0.0,0.0,0,P0,,,2008,NA
357,R,0,1,0.20226577,4.55,0.0,0.0,0.0,0.0,1,P19,,,2008,NA
358,R,0,1,0.092041776,5.26,0.0,0.0,0.0,0.0,0,P0,,,2008,NA
359,R,0,1,0.08759558,0.0,0.0,0.0,0.0,0.0,0,P0,,,2008,NA
360,R,0,0,0.09482628,0.0,0.0,0.0,0.0,0.0,0,P0,,,2008,NA
361,R,0,0,0.06575266,4.55,0.0,0.0,0.0,0.0,1,P19,,,2008,NA
362,R,0,0,0.18743984,0.0,0.0,0.0,0.0,0.0,0,P16,,,2008,NA
363,R,0,1,0.19828574,3.85,0.0,0.0,0.0,0.0,0,P16,,,2008,NA
364,R,0,2,0.075711705,0.0,0.0,0.0,0.0,0.0,0,P0,,,2008,NA
365,R,0,1,0.16200316,4.0,0.0,0.0,0.0,0.0,0,P19,,,2008,NA
366,R,0,1,0.13587205,4.17,0.0,0.0,0.0,0.0,0,P19,,,2008,NA
367,R,0,0,0.23597716,4.17,0.0,0.0,0.0,0.0,0,P0,,,2008,NA
368,R,0,0,0.0788383,4.55,0.0,0.0,0.0,0.0,0,P0,,,2008,NA
369,R,0,0,0.118629046,10.0,0.0,0.0,0.0,0.0,0,P0,,,2008,NA
370,R,0,0,0.0932441,0.0,0.0,0.0,0.0,0.0,0,P2,,,2008,NA
371,R,0,0,0.1779559,0.0,0.0,0.0,0.0,0.0,0,P2,,,2008,NA
372,R,0,0,0.16264649,0.0,0.0,0.0,0.0,0.0,0,P3,,,2008,NA
373,R,0,0,0.3047544,0.0,0.0,0.0,0.0,0.0,1,P2,,Republican Out-Group,2008,OutGroup
374,R,0,1,0.19778383,0.0,0.0,0.0,0.0,0.0,0,P0,,,2008,NA
375,R,0,0,0.22788224,0.0,0.0,0.0,0.0,0.0,0,P19,,,2008,NA
376,R,0,1,0.110064164,3.45,0.0,0.0,0.0,0.0,0,P0,,Republican Out-Group,2008,OutGroup
377,R,0,0,0.167179,11.76,0.0,0.0,0.0,0.0,0,P0,,,2008,NA
378,R,0,0,0.17357643,0.0,0.0,0.0,0.0,0.0,0,P19,,,2008,NA
379,R,0,0,0.025745753,4.76,0.0,0.0,0.0,0.0,0,P16,,,2008,NA
380,R,0,0,0.03118486,4.76,0.0,0.0,0.0,0.0,0,P16,,,2008,NA
381,R,0,0,0.24945302,0.0,0.0,0.0,0.0,0.0,0,P0,,,2008,NA
382,R,0,0,0.043034844,4.55,0.0,0.0,0.0,0.0,0,P16,,,2008,NA
383,R,0,0,0.03118486,4.76,0.0,0.0,0.0,0.0,0,P16,,,2008,NA
384,R,0,0,0.025745753,4.76,0.0,0.0,0.0,0.0,0,P16,,,2008,NA
385,R,0,0,0.026045853,4.76,0.0,0.0,0.0,0.0,0,P16,,,2008,NA
386,R,0,0,0.033975575,4.76,0.0,0.0,0.0,0.0,0,P16,,,2008,NA
387,R,0,0,0.11738786,0.0,0.0,0.0,0.0,0.0,0,P0,,,2008,NA
388,R,0,0,0.07729601,0.0,0.0,0.0,0.0,0.0,0,P0,,,2008,NA
389,R,0,0,0.043034844,4.55,0.0,0.0,0.0,0.0,0,P16,,,2008,NA
390,R,0,0,0.03118486,4.76,0.0,0.0,0.0,0.0,0,P16,,,2008,NA
391,R,0,0,0.20554999,12.5,0.0,0.0,0.0,0.0,0,P0,,,2008,NA
392,R,0,0,0.20352238,0.0,0.0,0.0,0.0,0.0,0,P16,,,2008,NA
393,R,0,0,0.03118486,4.76,0.0,0.0,0.0,0.0,0,P16,,,2008,NA
394,R,0,0,0.043034844,4.76,0.0,0.0,0.0,0.0,0,P16,,,2008,NA
395,R,0,0,0.025745753,4.76,0.0,0.0,0.0,0.0,0,P16,,,2008,NA
396,R,0,0,0.025745753,4.76,0.0,0.0,0.0,0.0,0,P16,,,2008,NA
397,R,0,0,0.043034844,4.76,0.0,0.0,0.0,0.0,0,P16,,,2008,NA
398,R,0,0,0.032703467,4.76,0.0,0.0,0.0,0.0,0,P16,,,2008,NA
399,R,0,0,0.22797832,0.0,0.0,0.0,0.0,0.0,0,P19,,,2008,NA
400,R,0,0,0.043034844,4.76,0.0,0.0,0.0,0.0,1,P16,,,2008,NA
401,R,0,0,0.032703467,4.76,0.0,0.0,0.0,0.0,0,P16,,,2008,NA
402,R,0,0,0.03118486,4.76,0.0,0.0,0.0,0.0,0,P16,,,2008,NA
403,R,0,0,0.043034844,4.55,0.0,0.0,0.0,0.0,0,P16,,,2008,NA
404,R,0,0,0.043034844,4.76,0.0,0.0,0.0,0.0,0,P16,,,2008,NA
405,R,0,0,0.033975575,4.76,0.0,0.0,0.0,0.0,0,P16,,,2008,NA
406,R,0,0,0.022651862,5.0,0.0,0.0,0.0,0.0,0,P16,,,2008,NA
407,R,0,1,0.10962036,0.0,0.0,0.0,0.0,0.0,1,P2,,,2008,NA
408,R,0,0,0.06843482,0.0,8.0,0.0,0.0,8.0,0,P10,,,2008,NA
409,R,0,1,0.22444518,0.0,0.0,0.0,0.0,0.0,1,P19,,,2008,NA
410,R,0,0,0.10134603,3.85,0.0,0.0,0.0,0.0,0,P19,,,2008,NA
411,R,0,0,0.12266,20.0,0.0,0.0,0.0,0.0,0,P0,,,2008,NA
412,R,0,0,0.11068544,3.85,0.0,0.0,0.0,0.0,0,P19,,,2008,NA
413,R,0,0,0.10758802,3.85,0.0,0.0,0.0,0.0,0,P19,,,2008,NA
414,R,0,0,0.0687508,3.85,0.0,0.0,0.0,0.0,0,P19,,,2008,NA
415,R,0,0,0.07036354,3.85,0.0,0.0,0.0,0.0,0,P19,,,2008,NA
416,R,0,0,0.22546059,0.0,14.29,0.0,0.0,14.29,0,P0,,,2008,NA
417,R,0,0,0.2799355,0.0,0.0,0.0,0.0,0.0,0,P19,,,2008,NA
418,R,0,0,0.23091565,0.0,0.0,0.0,0.0,0.0,0,P0,,,2008,NA
419,R,0,0,0.0845728,0.0,0.0,0.0,0.0,0.0,0,P0,,,2008,NA
420,R,0,0,0.20959136,0.0,0.0,0.0,0.0,0.0,0,P0,,,2008,NA
421,R,0,0,0.118633375,4.0,0.0,0.0,0.0,0.0,0,P11,,,2008,NA
422,R,0,0,0.11854108,8.33,0.0,0.0,0.0,0.0,0,P0,,,2008,NA
423,R,0,0,0.07170436,0.0,0.0,0.0,0.0,0.0,0,P3,,,2008,NA
424,R,0,0,0.069024496,7.14,0.0,0.0,0.0,0.0,0,P0,,,2008,NA
425,R,0,0,0.046884257,4.35,0.0,0.0,0.0,0.0,0,P2,,,2008,NA
426,R,0,0,0.049284525,0.0,0.0,0.0,0.0,0.0,0,P0,,,2008,NA
427,R,0,0,0.072618246,7.69,0.0,0.0,0.0,0.0,0,P0,,,2008,NA
428,R,0,0,0.040668223,0.0,0.0,0.0,0.0,0.0,1,P19,,,2008,NA
429,R,0,0,0.07339896,9.09,0.0,0.0,0.0,0.0,1,P2,,,2008,NA
430,R,0,0,0.098191805,33.33,0.0,0.0,0.0,0.0,0,P0,,,2008,NA
431,R,0,0,0.15019876,0.0,4.17,0.0,4.17,0.0,0,P15,,,2008,NA
432,R,0,0,0.12574567,4.0,4.0,0.0,0.0,4.0,0,P0,,,2008,NA
433,R,0,0,0.07430931,50.0,0.0,0.0,0.0,0.0,0,P0,,,2008,NA
434,R,0,1,0.09121983,3.57,0.0,0.0,0.0,0.0,0,P18,,,2008,NA
435,R,0,0,0.12179094,0.0,0.0,0.0,0.0,0.0,0,P18,,,2008,NA
436,R,0,0,0.06588129,0.0,0.0,0.0,0.0,0.0,0,P0,,,2008,NA
437,R,0,0,0.14402986,0.0,4.55,0.0,0.0,0.0,0,P0,,,2008,NA
438,R,0,0,0.22514425,5.88,0.0,0.0,0.0,0.0,0,P0,,,2008,NA
439,R,0,1,0.034607552,0.0,4.17,0.0,0.0,0.0,1,P2,,,2008,NA
440,R,0,0,0.13236034,10.0,0.0,0.0,0.0,0.0,0,P20,,,2008,NA
441,R,0,1,0.106204055,0.0,0.0,0.0,0.0,0.0,0,P0,,,2008,NA
442,R,0,1,0.42031717,0.0,0.0,0.0,0.0,0.0,0,P19,,Republican Out-Group,2008,OutGroup
443,R,0,2,0.11369871,4.17,0.0,0.0,0.0,0.0,0,P19,,,2008,NA
444,R,0,0,0.045994226,0.0,0.0,0.0,0.0,0.0,0,P0,,,2008,NA
445,R,0,0,0.19526635,0.0,0.0,0.0,0.0,0.0,0,P0,,,2008,NA
446,R,0,0,0.19526635,0.0,0.0,0.0,0.0,0.0,0,P0,,,2008,NA
447,R,0,0,0.17778423,0.0,0.0,0.0,0.0,0.0,0,P0,,Republican In-Group,2008,InGroup
448,R,0,0,0.06943395,0.0,0.0,0.0,0.0,0.0,0,P0,,,2008,NA
449,R,0,0,0.1224224,0.0,0.0,0.0,0.0,0.0,0,P18,,,2008,NA
450,R,0,0,0.037713967,0.0,0.0,0.0,0.0,0.0,0,P0,,,2008,NA
451,R,0,0,0.023210244,0.0,0.0,0.0,0.0,0.0,0,P0,,,2008,NA
452,R,0,0,0.17778423,0.0,0.0,0.0,0.0,0.0,0,P0,,Republican In-Group,2008,InGroup
453,R,0,0,0.17778423,0.0,0.0,0.0,0.0,0.0,0,P0,,Republican In-Group,2008,InGroup
454,R,0,0,0.17778423,0.0,0.0,0.0,0.0,0.0,0,P0,,Republican In-Group,2008,InGroup
455,R,0,0,0.17778423,0.0,0.0,0.0,0.0,0.0,0,P0,,Republican In-Group,2008,InGroup
456,R,0,0,0.17778423,0.0,0.0,0.0,0.0,0.0,0,P0,,Republican In-Group,2008,InGroup
457,R,0,0,0.14414757,12.5,0.0,0.0,0.0,0.0,0,P0,,Republican In-Group,2008,InGroup
458,R,0,0,0.23914944,4.76,0.0,0.0,0.0,0.0,0,P0,,,2008,NA
459,R,0,1,0.039769128,4.17,0.0,0.0,0.0,0.0,0,P0,,,2008,NA
460,R,0,0,0.13729548,8.0,0.0,0.0,0.0,0.0,0,P0,,Republican In-Group,2008,InGroup
461,R,0,0,0.071039096,0.0,0.0,0.0,0.0,0.0,0,P0,,,2008,NA
462,R,0,0,0.12334341,9.09,0.0,0.0,0.0,0.0,0,P0,,,2008,NA
463,R,0,0,0.08007975,0.0,0.0,0.0,0.0,0.0,0,P16,,,2008,NA
464,R,0,0,0.032600895,9.09,0.0,0.0,0.0,0.0,0,P19,,,2008,NA
465,R,0,0,0.021304509,8.7,0.0,0.0,0.0,0.0,0,P14,,,2008,NA
466,R,0,0,0.11639938,4.35,0.0,0.0,0.0,0.0,0,P0,,,2008,NA
467,R,0,1,0.10896847,0.0,0.0,0.0,0.0,0.0,0,P16,,,2008,NA
468,R,0,0,0.17778423,0.0,0.0,0.0,0.0,0.0,0,P0,,Republican In-Group,2008,InGroup
469,R,0,0,0.17778423,0.0,0.0,0.0,0.0,0.0,0,P0,,Republican In-Group,2008,InGroup
470,R,0,0,0.18282099,5.56,0.0,0.0,0.0,0.0,0,P2,,,2008,NA
471,R,0,0,0.05671226,4.55,0.0,0.0,0.0,0.0,0,P16,,,2008,NA
472,R,0,0,0.07539801,0.0,0.0,0.0,0.0,0.0,1,P16,,,2008,NA
473,R,0,4,0.0877747,0.0,0.0,0.0,0.0,0.0,0,P19,,,2008,NA
474,R,0,2,0.097395346,3.45,0.0,0.0,0.0,0.0,0,P16,,,2008,NA
475,R,0,0,0.24200067,0.0,0.0,0.0,0.0,0.0,0,P0,,,2008,NA
476,R,0,1,0.22098257,12.5,12.5,0.0,12.5,0.0,0,P0,,,2008,NA
477,R,0,0,0.23467356,8.7,4.35,0.0,4.35,0.0,0,P0,,,2008,NA
478,R,0,0,0.10015378,0.0,0.0,0.0,0.0,0.0,0,P0,,,2008,NA
479,R,0,2,0.098928176,0.0,0.0,0.0,0.0,0.0,0,P2,,,2008,NA
480,R,0,0,0.07172911,0.0,0.0,0.0,0.0,0.0,1,P16,,,2008,NA
481,R,0,0,0.08453577,0.0,0.0,0.0,0.0,0.0,0,P0,,,2008,NA
482,R,0,1,0.16395149,4.0,0.0,0.0,0.0,0.0,0,P19,,,2008,NA
483,R,0,0,0.049836967,20.0,0.0,0.0,0.0,0.0,0,P0,,,2008,NA
484,R,0,0,0.0689158,0.0,0.0,0.0,0.0,0.0,0,P3,,,2008,NA
485,R,0,0,0.04630799,4.0,0.0,0.0,0.0,0.0,0,P16,,,2008,NA
486,R,0,0,0.058104884,3.85,0.0,0.0,0.0,0.0,0,P16,,,2008,NA
487,R,0,0,0.10261527,0.0,0.0,0.0,0.0,0.0,1,P14,,,2008,NA
488,R,0,0,0.082049526,33.33,0.0,0.0,0.0,0.0,0,P0,,,2008,NA
489,R,0,0,0.09803697,0.0,0.0,0.0,0.0,0.0,1,P14,,,2008,NA
490,R,0,0,0.014848362,0.0,0.0,0.0,0.0,0.0,1,P14,,,2008,NA
491,R,0,0,0.06957844,0.0,0.0,0.0,0.0,0.0,1,P14,,,2008,NA
492,R,0,0,0.06606646,0.0,0.0,0.0,0.0,0.0,1,P1,,,2008,NA
493,R,0,0,0.07951231,9.09,0.0,0.0,0.0,0.0,0,P0,,,2008,NA
494,R,0,0,0.115999445,4.0,0.0,0.0,0.0,0.0,0,P0,,Republican Out-Group,2008,OutGroup
495,R,0,1,0.31435174,10.53,0.0,0.0,0.0,0.0,0,P2,,,2008,NA
496,R,0,0,0.09518439,8.33,0.0,0.0,0.0,0.0,0,P0,,,2008,NA
497,R,0,0,0.07258057,5.0,0.0,0.0,0.0,0.0,0,P0,,Republican In-Group,2008,InGroup
498,R,0,0,0.073568344,11.11,0.0,0.0,0.0,0.0,0,P0,,,2008,NA
499,R,0,0,0.18070704,0.0,0.0,0.0,0.0,0.0,0,P0,,,2008,NA
500,R,0,0,0.06661998,0.0,0.0,0.0,0.0,0.0,0,P0,,,2008,NA
501,R,0,0,0.049971804,12.5,6.25,0.0,0.0,0.0,1,P15,,,2008,NA
502,R,0,0,0.10885472,11.11,0.0,0.0,0.0,0.0,0,P0,,Republican In-Group,2008,InGroup
503,R,0,0,0.16751613,0.0,0.0,0.0,0.0,0.0,0,P0,,,2008,NA
504,R,0,0,0.32268715,6.67,0.0,0.0,0.0,0.0,0,P0,,,2008,NA
505,R,0,0,0.120048456,5.88,0.0,0.0,0.0,0.0,0,P0,,,2008,NA
506,R,0,0,0.17186582,0.0,0.0,0.0,0.0,0.0,0,P0,,,2008,NA
507,R,0,0,0.24094889,0.0,4.35,4.35,0.0,0.0,1,P8,,Republican Out-Group,2008,OutGroup
508,R,0,0,0.04919677,0.0,0.0,0.0,0.0,0.0,0,P0,,,2008,NA
509,R,0,0,0.058940634,0.0,0.0,0.0,0.0,0.0,0,P16,,,2008,NA
510,R,0,1,0.012987871,14.29,4.76,0.0,4.76,0.0,0,P0,,,2008,NA
511,R,0,4,0.06991412,0.0,0.0,0.0,0.0,0.0,0,P16,,,2008,NA
512,R,0,1,0.032601867,11.54,0.0,0.0,0.0,0.0,0,P16,,,2008,NA
513,R,0,0,0.20752186,0.0,0.0,0.0,0.0,0.0,1,P11,,,2008,NA
514,R,0,2,0.29864523,4.35,4.35,0.0,0.0,0.0,0,P19,,,2008,NA
515,R,0,0,0.22764978,0.0,5.0,5.0,0.0,0.0,1,P2,,,2008,NA
516,R,0,0,0.108312644,0.0,0.0,0.0,0.0,0.0,0,P2,,,2008,NA
517,R,0,0,0.2824955,10.0,0.0,0.0,0.0,0.0,0,P0,,,2008,NA
518,R,0,0,0.10580232,8.0,0.0,0.0,0.0,0.0,1,P9,,,2008,NA
519,R,0,0,0.17592907,3.85,0.0,0.0,0.0,0.0,1,P19,,,2008,NA
520,R,0,0,0.053810634,3.85,3.85,0.0,3.85,0.0,0,P16,,,2008,NA
521,R,0,0,0.10720097,8.7,0.0,0.0,0.0,0.0,0,P0,,,2008,NA
522,R,0,0,0.118590556,0.0,0.0,0.0,0.0,0.0,0,P0,,,2008,NA
523,R,0,0,0.10472452,10.53,0.0,0.0,0.0,0.0,0,P0,,,2008,NA
524,R,0,0,0.5295228,4.35,4.35,0.0,4.35,0.0,1,P2,,,2008,NA
525,R,0,1,0.09632194,4.17,0.0,0.0,0.0,0.0,0,P3,,,2008,NA
526,R,0,0,0.21133219,9.52,4.76,0.0,0.0,0.0,1,P9,,,2008,NA
527,R,0,0,0.38837543,4.55,9.09,0.0,0.0,0.0,0,P14,,,2008,NA
528,R,0,0,0.122093074,10.0,0.0,0.0,0.0,0.0,1,P9,,,2008,NA
529,R,0,0,0.12318077,0.0,0.0,0.0,0.0,0.0,1,P11,,,2008,NA
530,R,0,0,0.07575523,16.67,8.33,0.0,8.33,0.0,0,P0,,,2008,NA
531,R,0,0,0.15871383,10.53,0.0,0.0,0.0,0.0,0,P0,,,2008,NA
532,R,0,0,0.27792788,0.0,0.0,0.0,0.0,0.0,1,P3,,,2008,NA
533,R,0,0,0.40020669,0.0,0.0,0.0,0.0,0.0,1,P9,,,2008,NA
534,R,0,0,0.04395692,0.0,0.0,0.0,0.0,0.0,0,P0,,,2008,NA
535,R,0,1,0.092770346,0.0,0.0,0.0,0.0,0.0,0,P2,,,2008,NA
536,R,0,0,0.2456583,0.0,0.0,0.0,0.0,0.0,0,P0,,,2008,NA
537,R,0,0,0.056326956,0.0,0.0,0.0,0.0,0.0,0,P0,,Republican Out-Group,2008,OutGroup
538,R,0,0,0.037506115,0.0,0.0,0.0,0.0,0.0,0,P0,,,2008,NA
539,R,0,0,0.4410049,0.0,0.0,0.0,0.0,0.0,0,P0,,,2008,NA
540,R,0,0,0.10079694,18.18,0.0,0.0,0.0,0.0,0,P0,,,2008,NA
541,R,0,0,0.06416748,4.55,0.0,0.0,0.0,0.0,0,P2,,,2008,NA
542,R,0,0,0.01439812,4.55,0.0,0.0,0.0,0.0,0,P0,,,2008,NA
543,R,0,0,0.064715564,6.67,0.0,0.0,0.0,0.0,0,P0,,,2008,NA
544,R,0,1,0.027768487,0.0,0.0,0.0,0.0,0.0,1,P16,,,2008,NA
545,R,0,0,0.10642859,0.0,0.0,0.0,0.0,0.0,1,P14,,,2008,NA
546,R,0,0,0.06702096,4.55,0.0,0.0,0.0,0.0,1,P11,,,2008,NA
547,R,0,2,0.093008876,0.0,0.0,0.0,0.0,0.0,1,P1,,,2008,NA
548,R,0,0,0.070539385,4.76,0.0,0.0,0.0,0.0,0,P19,,,2008,NA
549,R,0,0,0.2592351,4.17,8.33,0.0,8.33,0.0,1,P11,,,2008,NA
550,R,0,0,0.15866068,9.09,0.0,0.0,0.0,0.0,0,P1,,,2008,NA
551,R,0,0,0.22617055,0.0,4.0,0.0,4.0,0.0,1,P15,,,2008,NA
552,R,0,1,0.2375734,0.0,0.0,0.0,0.0,0.0,1,P3,,,2008,NA
553,R,0,0,0.053511206,16.67,0.0,0.0,0.0,0.0,0,P0,,,2008,NA
554,R,0,0,0.038958713,9.09,0.0,0.0,0.0,0.0,0,P0,,,2008,NA
555,R,0,1,0.6296913,4.35,4.35,0.0,4.35,0.0,1,P18,,,2008,NA
556,R,0,0,0.32148203,8.33,0.0,0.0,0.0,0.0,0,P0,,,2008,NA
557,R,0,0,0.362255,9.09,9.09,0.0,0.0,0.0,1,P18,,,2008,NA
558,R,0,0,0.08079844,0.0,0.0,0.0,0.0,0.0,0,P0,,,2008,NA
559,R,0,0,0.024598671,13.33,0.0,0.0,0.0,0.0,0,P0,,,2008,NA
560,R,0,0,0.067352265,8.7,0.0,0.0,0.0,0.0,0,P0,,,2008,NA
561,R,0,0,0.049919248,4.76,0.0,0.0,0.0,0.0,0,P19,,,2008,NA
562,R,0,0,0.16799536,0.0,0.0,0.0,0.0,0.0,0,P0,,,2008,NA
563,R,0,0,0.1301353,50.0,0.0,0.0,0.0,0.0,0,P0,,,2008,NA
564,R,0,2,0.61813134,5.0,5.0,0.0,5.0,0.0,1,P1,,,2008,NA
565,R,0,2,0.086539544,13.64,0.0,0.0,0.0,0.0,0,P0,,,2008,NA
566,R,0,0,0.07416069,7.69,0.0,0.0,0.0,0.0,0,P0,,,2008,NA
567,R,0,1,0.14583002,11.54,7.69,0.0,3.85,3.85,0,P0,,,2008,NA
568,R,0,0,0.082512364,12.5,0.0,0.0,0.0,0.0,0,P0,,,2008,NA
569,R,0,0,0.3032624,3.45,3.45,3.45,0.0,0.0,1,P8,,Republican Out-Group,2008,OutGroup
570,R,0,0,0.061798617,3.85,0.0,0.0,0.0,0.0,0,P0,,,2008,NA
571,R,0,0,0.097113796,0.0,0.0,0.0,0.0,0.0,0,P0,,,2008,NA
572,R,0,1,0.14393331,3.85,0.0,0.0,0.0,0.0,0,P8,,,2008,NA
573,R,0,0,0.108666755,3.45,0.0,0.0,0.0,0.0,0,P0,,,2008,NA
574,R,0,0,0.4901543,0.0,12.5,4.17,4.17,0.0,1,P8,,,2008,NA
575,R,0,0,0.46589994,4.17,0.0,0.0,0.0,0.0,0,P8,,,2008,NA
576,R,0,0,0.12083644,13.04,0.0,0.0,0.0,0.0,0,P0,,Republican Out-Group,2008,OutGroup
577,R,0,0,0.108009994,8.7,0.0,0.0,0.0,0.0,1,P1,,,2008,NA
578,R,0,0,0.11031744,8.7,0.0,0.0,0.0,0.0,1,P8,,,2008,NA
579,R,0,0,0.31603363,11.11,0.0,0.0,0.0,0.0,0,P0,,,2008,NA
580,R,0,0,0.12752658,10.0,0.0,0.0,0.0,0.0,0,P0,,,2008,NA
581,R,0,0,0.21255039,0.0,0.0,0.0,0.0,0.0,1,P0,,Republican Out-Group,2008,OutGroup
582,R,0,0,0.15470883,16.67,0.0,0.0,0.0,0.0,0,P0,,,2008,NA
583,R,0,0,0.36862215,0.0,0.0,0.0,0.0,0.0,1,P8,,Republican In-Group,2008,InGroup
584,R,0,0,0.18148115,5.88,5.88,0.0,0.0,5.88,1,P14,,,2008,NA
585,R,0,0,0.107447274,0.0,0.0,0.0,0.0,0.0,0,P0,,,2008,NA
586,R,0,0,0.06308185,0.0,0.0,0.0,0.0,0.0,0,P0,,,2008,NA
587,R,0,0,0.1615428,21.74,4.35,0.0,0.0,0.0,1,P14,,,2008,NA
588,R,0,0,0.07778354,25.0,0.0,0.0,0.0,0.0,0,P0,,,2008,NA
589,R,0,0,0.12183775,4.55,0.0,0.0,0.0,0.0,1,P14,,,2008,NA
590,R,0,0,0.11899028,16.67,0.0,0.0,0.0,0.0,1,P5,,,2008,NA
591,R,0,0,0.26404923,11.54,0.0,0.0,0.0,0.0,1,P5,,,2008,NA
592,R,0,0,0.12027617,4.76,0.0,0.0,0.0,0.0,1,P11,,,2008,NA
593,R,0,0,0.08510367,5.56,5.56,0.0,5.56,0.0,0,P9,,,2008,NA
594,R,0,0,0.30583423,4.0,4.0,0.0,0.0,4.0,1,P14,,,2008,NA
595,R,0,0,0.10790732,16.0,0.0,0.0,0.0,0.0,1,P1,,,2008,NA
596,R,0,0,0.337303,0.0,8.0,0.0,0.0,0.0,1,P14,,,2008,NA
597,R,0,0,0.0744992,0.0,0.0,0.0,0.0,0.0,1,P8,,,2008,NA
598,R,0,0,0.04804997,0.0,0.0,0.0,0.0,0.0,1,P8,,,2008,NA
599,R,0,0,0.099473715,3.7,0.0,0.0,0.0,0.0,1,P1,,,2008,NA
600,R,0,0,0.1106329,0.0,0.0,0.0,0.0,0.0,1,P1,,,2008,NA
601,R,0,3,0.17855005,11.54,0.0,0.0,0.0,0.0,0,P8,,,2008,NA
602,R,0,0,0.082049526,33.33,0.0,0.0,0.0,0.0,0,P0,,,2008,NA
603,R,0,0,0.06539581,8.7,4.35,0.0,0.0,0.0,1,P1,,,2008,NA
604,R,0,1,0.082049526,33.33,0.0,0.0,0.0,0.0,0,P0,,,2008,NA
605,R,0,0,0.10728739,9.52,0.0,0.0,0.0,0.0,0,P19,,,2008,NA
606,R,0,0,0.21832621,7.69,0.0,0.0,0.0,0.0,0,P8,,,2008,NA
607,R,0,0,0.34820536,4.17,0.0,0.0,0.0,0.0,1,P8,,,2008,NA
608,R,0,1,0.08822205,0.0,0.0,0.0,0.0,0.0,0,P0,,,2008,NA
609,R,0,0,0.054429904,50.0,0.0,0.0,0.0,0.0,0,P0,,,2008,NA
610,R,0,0,0.36201853,7.69,0.0,0.0,0.0,0.0,0,P8,,,2008,NA
611,R,0,0,0.19469452,10.0,0.0,0.0,0.0,0.0,0,P16,,,2008,NA
612,R,0,0,0.08249298,50.0,0.0,0.0,0.0,0.0,0,P0,,,2008,NA
613,R,0,0,0.2764308,0.0,0.0,0.0,0.0,0.0,1,P8,,,2008,NA
614,R,0,0,0.22087558,0.0,5.0,0.0,0.0,0.0,1,P14,,,2008,NA
615,R,0,0,0.5319747,3.7,3.7,0.0,3.7,0.0,0,P0,,,2008,NA
616,R,0,1,0.20000899,0.0,0.0,0.0,0.0,0.0,1,P14,,,2008,NA
617,R,0,0,0.06787093,0.0,0.0,0.0,0.0,0.0,1,P3,,,2008,NA
618,R,0,1,0.06587784,0.0,0.0,0.0,0.0,0.0,0,P0,,,2008,NA
619,R,0,1,0.13998573,3.7,0.0,0.0,0.0,0.0,1,P1,,,2008,NA
620,R,0,1,0.067491464,5.56,0.0,0.0,0.0,0.0,0,P2,,,2008,NA
621,R,0,0,0.074497625,11.11,0.0,0.0,0.0,0.0,0,P0,,,2008,NA
622,R,0,0,0.045479015,16.0,0.0,0.0,0.0,0.0,0,P14,,,2008,NA
623,R,0,1,0.09731764,0.0,0.0,0.0,0.0,0.0,0,P8,,,2008,NA
624,R,0,0,0.040975064,0.0,0.0,0.0,0.0,0.0,0,P0,,,2008,NA
625,R,0,0,0.38200498,0.0,0.0,0.0,0.0,0.0,1,P8,,,2008,NA
626,R,0,0,0.28257892,0.0,4.17,0.0,0.0,0.0,1,P8,,,2008,NA
627,R,0,0,0.11934441,0.0,4.0,0.0,0.0,0.0,1,P1,,,2008,NA
628,R,0,0,0.09393839,8.7,4.35,0.0,0.0,4.35,1,P8,,,2008,NA
629,R,0,0,0.21287917,4.0,4.0,0.0,0.0,0.0,1,P15,,,2008,NA
630,R,0,0,0.15761437,8.7,0.0,0.0,0.0,0.0,1,P8,,,2008,NA
631,R,0,0,0.10443632,8.0,0.0,0.0,0.0,0.0,0,P2,,,2008,NA
632,R,0,1,0.20495771,5.0,0.0,0.0,0.0,0.0,0,P1,,,2008,NA
633,R,0,1,0.11052496,21.05,0.0,0.0,0.0,0.0,0,P0,,,2008,NA
634,R,0,0,0.16084921,0.0,4.55,0.0,0.0,0.0,0,P0,,,2008,NA
635,R,0,1,0.12144658,0.0,0.0,0.0,0.0,0.0,1,P8,,,2008,NA
636,R,0,1,0.07895347,4.35,0.0,0.0,0.0,0.0,0,P16,,,2008,NA
637,R,0,0,0.082049526,33.33,0.0,0.0,0.0,0.0,0,P0,,,2008,NA
638,R,0,2,0.063521326,0.0,0.0,0.0,0.0,0.0,0,P0,,Republican Out-Group,2008,OutGroup
639,R,0,3,0.25755823,0.0,0.0,0.0,0.0,0.0,0,P0,,Republican In-Group,2008,InGroup
640,R,0,0,0.029440345,6.25,0.0,0.0,0.0,0.0,0,P0,,,2008,NA
641,R,0,0,0.058738902,0.0,0.0,0.0,0.0,0.0,0,P14,,,2008,NA
642,R,0,0,0.075930715,6.67,0.0,0.0,0.0,0.0,1,P10,,,2008,NA
643,R,0,0,0.21832134,5.88,0.0,0.0,0.0,0.0,0,P8,,,2008,NA
644,R,0,0,0.19958228,5.26,5.26,0.0,0.0,0.0,1,P18,,Republican Out-Group,2008,OutGroup
645,R,0,0,0.07815355,12.5,0.0,0.0,0.0,0.0,1,P7,,,2008,NA
646,R,0,1,0.24178047,4.55,0.0,0.0,0.0,0.0,1,P7,,,2008,NA
647,R,0,1,0.3619724,4.76,4.76,0.0,0.0,0.0,1,P7,,Republican Out-Group,2008,OutGroup
648,R,0,1,0.11250455,0.0,0.0,0.0,0.0,0.0,0,P19,,,2008,NA
649,R,0,0,0.18704785,3.85,3.85,0.0,3.85,0.0,1,P15,,,2008,NA
650,R,0,0,0.12057594,12.5,0.0,0.0,0.0,0.0,0,P0,,,2008,NA
651,R,0,0,0.082049526,33.33,0.0,0.0,0.0,0.0,0,P0,,,2008,NA
652,R,0,0,0.12907673,0.0,0.0,0.0,0.0,0.0,0,P16,,,2008,NA
653,R,0,0,0.063149445,4.17,0.0,0.0,0.0,0.0,0,P0,,,2008,NA
654,R,0,0,0.05585293,0.0,0.0,0.0,0.0,0.0,0,P0,,,2008,NA
655,R,0,1,0.43347546,0.0,0.0,0.0,0.0,0.0,0,P0,,,2008,NA
656,R,0,1,0.11495387,0.0,0.0,0.0,0.0,0.0,0,P19,,,2008,NA
657,R,0,0,0.16364153,0.0,6.25,0.0,0.0,6.25,0,P0,,,2008,NA
658,R,0,0,0.07123651,0.0,0.0,0.0,0.0,0.0,0,P0,,Republican Out-Group,2008,OutGroup
659,R,0,0,0.06469918,0.0,4.0,0.0,0.0,0.0,0,P0,,,2008,NA
660,R,0,0,0.08034362,12.5,0.0,0.0,0.0,0.0,0,P0,,,2008,NA
661,R,0,0,0.124460764,4.35,4.35,0.0,0.0,0.0,0,P0,,,2008,NA
662,R,0,0,0.09293221,0.0,0.0,0.0,0.0,0.0,0,P0,,Republican Out-Group,2008,OutGroup
663,R,0,0,0.1508114,0.0,0.0,0.0,0.0,0.0,0,P0,,,2008,NA
664,R,0,0,0.18369903,4.17,0.0,0.0,0.0,0.0,1,P8,,,2008,NA
665,R,0,0,0.19718648,10.53,5.26,0.0,5.26,0.0,1,P8,,,2008,NA
666,R,0,0,0.106073484,7.14,0.0,0.0,0.0,0.0,0,P0,,,2008,NA
667,R,0,1,0.3214617,0.0,0.0,0.0,0.0,0.0,0,P0,,,2008,NA
668,R,0,0,0.15749018,0.0,0.0,0.0,0.0,0.0,1,P8,,,2008,NA
669,R,0,0,0.017156335,26.32,0.0,0.0,0.0,0.0,0,P19,,,2008,NA
670,R,0,0,0.10756749,4.35,0.0,0.0,0.0,0.0,0,P2,,,2008,NA
671,R,0,0,0.37264234,4.17,4.17,0.0,4.17,0.0,1,P8,,,2008,NA
672,R,0,0,0.21985716,3.7,3.7,0.0,0.0,0.0,1,P8,,,2008,NA
673,R,0,0,0.082049526,33.33,0.0,0.0,0.0,0.0,0,P0,,,2008,NA
674,R,0,0,0.10291845,6.25,0.0,0.0,0.0,0.0,0,P0,,,2008,NA
675,R,0,0,0.21646906,4.17,0.0,0.0,0.0,0.0,1,P8,,,2008,NA
676,R,0,0,0.20229891,0.0,0.0,0.0,0.0,0.0,1,P10,,,2008,NA
677,R,0,0,0.100395754,4.0,0.0,0.0,0.0,0.0,1,P2,,,2008,NA
678,R,0,0,0.20186326,0.0,0.0,0.0,0.0,0.0,0,P0,,,2008,NA
679,R,0,0,0.06991778,0.0,0.0,0.0,0.0,0.0,0,P14,,,2008,NA
680,R,0,1,0.17654572,0.0,0.0,0.0,0.0,0.0,0,P0,,,2008,NA
681,R,0,0,0.055054784,0.0,0.0,0.0,0.0,0.0,0,P14,,,2008,NA
682,R,0,0,0.24847005,8.33,0.0,0.0,0.0,0.0,0,P0,,,2008,NA
683,R,0,0,0.08809785,0.0,0.0,0.0,0.0,0.0,0,P0,,,2008,NA
684,R,0,0,0.092969224,4.0,0.0,0.0,0.0,0.0,1,P1,,,2008,NA
685,R,0,0,0.028746573,12.0,0.0,0.0,0.0,0.0,0,P0,,,2008,NA
686,R,0,0,0.031460647,12.5,0.0,0.0,0.0,0.0,1,P15,,,2008,NA
687,R,0,0,0.04428855,16.67,0.0,0.0,0.0,0.0,1,P15,,,2008,NA
688,R,0,0,0.08216795,0.0,0.0,0.0,0.0,0.0,0,P19,,,2008,NA
689,R,0,0,0.08216795,0.0,0.0,0.0,0.0,0.0,0,P19,,,2008,NA
690,R,0,0,0.09366876,0.0,0.0,0.0,0.0,0.0,1,P8,,Republican Out-Group,2008,OutGroup
691,R,0,1,0.19023895,0.0,0.0,0.0,0.0,0.0,0,P0,,,2008,NA
692,R,0,0,0.21096139,0.0,8.0,4.0,4.0,0.0,1,P16,,,2008,NA
693,R,0,0,0.1750169,0.0,0.0,0.0,0.0,0.0,0,P0,,,2008,NA
694,R,0,0,0.047122706,0.0,0.0,0.0,0.0,0.0,0,P0,,,2008,NA
695,R,0,0,0.21350208,0.0,0.0,0.0,0.0,0.0,0,P0,,,2008,NA
696,R,0,0,0.1277469,0.0,0.0,0.0,0.0,0.0,0,P3,,,2008,NA
697,R,0,0,0.20371324,3.85,3.85,0.0,3.85,0.0,0,P8,,Republican Out-Group,2008,OutGroup
698,R,0,0,0.110065706,0.0,0.0,0.0,0.0,0.0,0,P0,,,2008,NA
699,R,0,0,0.111848876,0.0,0.0,0.0,0.0,0.0,0,P0,,,2008,NA
700,R,0,0,0.09439325,0.0,0.0,0.0,0.0,0.0,0,P0,,,2008,NA
701,R,0,0,0.14929174,0.0,0.0,0.0,0.0,0.0,0,P6,,,2008,NA
702,R,0,0,0.06939079,11.76,0.0,0.0,0.0,0.0,0,P0,,,2008,NA
703,R,0,0,0.06598831,4.0,0.0,0.0,0.0,0.0,0,P0,,,2008,NA
704,R,0,0,0.12546052,0.0,0.0,0.0,0.0,0.0,0,P0,,,2008,NA
705,R,0,0,0.091580756,3.57,0.0,0.0,0.0,0.0,0,P0,,,2008,NA
706,R,0,0,0.06694871,7.69,0.0,0.0,0.0,0.0,0,P0,,,2008,NA
707,R,0,0,0.22022618,0.0,0.0,0.0,0.0,0.0,0,P0,,,2008,NA
708,R,0,0,0.11370965,0.0,0.0,0.0,0.0,0.0,0,P0,,,2008,NA
709,R,0,2,0.15693957,8.33,0.0,0.0,0.0,0.0,0,P0,,,2008,NA
710,R,0,1,0.16470836,0.0,0.0,0.0,0.0,0.0,0,P0,,Republican In-Group,2008,InGroup
711,R,0,1,0.08701857,0.0,0.0,0.0,0.0,0.0,0,P0,,,2008,NA
712,R,0,1,0.2066089,8.7,0.0,0.0,0.0,0.0,1,P2,,,2008,NA
713,R,0,0,0.05347932,0.0,0.0,0.0,0.0,0.0,0,P0,,,2008,NA
714,R,0,0,0.105057694,7.69,3.85,0.0,0.0,0.0,0,P0,,,2008,NA
715,R,0,0,0.11160367,25.0,0.0,0.0,0.0,0.0,0,P0,,,2008,NA
716,R,0,1,0.082049526,33.33,0.0,0.0,0.0,0.0,0,P0,,,2008,NA
717,R,0,0,0.10037302,4.35,0.0,0.0,0.0,0.0,0,P0,,,2008,NA
718,R,0,0,0.071707584,16.67,0.0,0.0,0.0,0.0,0,P0,,,2008,NA
719,R,0,0,0.117229864,33.33,0.0,0.0,0.0,0.0,0,P0,,,2008,NA
720,R,0,1,0.16406344,16.67,0.0,0.0,0.0,0.0,0,P0,,,2008,NA
721,R,0,0,0.11001169,0.0,0.0,0.0,0.0,0.0,0,P0,,,2008,NA
722,R,0,1,0.06487471,4.35,0.0,0.0,0.0,0.0,0,P0,,,2008,NA
723,R,0,3,0.08197548,0.0,0.0,0.0,0.0,0.0,0,P19,,,2008,NA
724,R,0,1,0.27418792,0.0,9.09,0.0,9.09,0.0,1,P19,,,2008,NA
725,R,0,0,0.15394667,0.0,4.0,0.0,4.0,0.0,1,P8,,,2008,NA
726,R,0,5,0.5035858,0.0,4.0,0.0,4.0,0.0,0,P19,,,2008,NA
727,R,0,1,0.27879187,0.0,10.0,0.0,10.0,0.0,1,P19,,,2008,NA
728,R,0,0,0.18045056,5.0,0.0,0.0,0.0,0.0,0,P0,,,2008,NA
729,R,0,0,0.11598923,0.0,0.0,0.0,0.0,0.0,0,P16,,,2008,NA
730,R,0,0,0.08147048,0.0,4.76,0.0,0.0,0.0,1,P1,,,2008,NA
731,R,0,0,0.050424147,11.11,0.0,0.0,0.0,0.0,0,P0,,,2008,NA
732,R,0,0,0.22471745,0.0,0.0,0.0,0.0,0.0,1,P4,,,2008,NA
733,R,0,1,0.06690387,0.0,5.0,0.0,0.0,0.0,1,P14,,,2008,NA
734,R,0,0,0.084549144,0.0,3.85,0.0,0.0,3.85,0,P14,,,2008,NA
735,R,0,0,0.25304303,0.0,0.0,0.0,0.0,0.0,0,P0,,,2008,NA
736,R,0,0,0.23555575,12.0,0.0,0.0,0.0,0.0,0,P15,,,2008,NA
737,R,0,1,0.17742854,5.88,0.0,0.0,0.0,0.0,0,P0,,,2008,NA
738,R,0,1,0.17821701,4.76,4.76,0.0,0.0,0.0,0,P0,,,2008,NA
739,R,0,0,0.098177284,0.0,0.0,0.0,0.0,0.0,0,P19,,,2008,NA
740,R,0,0,0.12214162,0.0,0.0,0.0,0.0,0.0,0,P0,,,2008,NA
741,R,0,0,0.07466566,0.0,0.0,0.0,0.0,0.0,0,P2,,,2008,NA
742,R,0,0,0.25209442,0.0,0.0,0.0,0.0,0.0,0,P0,,,2008,NA
743,R,0,0,0.0333045,4.55,4.55,4.55,0.0,0.0,0,P2,,,2008,NA
744,R,0,0,0.12071994,8.33,0.0,0.0,0.0,0.0,0,P0,,,2008,NA
745,R,0,0,0.25693932,0.0,0.0,0.0,0.0,0.0,0,P11,,,2008,NA
746,R,0,0,0.1137152,7.14,0.0,0.0,0.0,0.0,0,P0,,,2008,NA
747,R,0,0,0.16606632,3.85,0.0,0.0,0.0,0.0,0,P0,,,2008,NA
748,R,0,0,0.4351165,8.33,8.33,0.0,4.17,0.0,1,P18,,,2008,NA
749,R,0,0,0.04640296,9.09,0.0,0.0,0.0,0.0,0,P8,,,2008,NA
750,R,0,1,0.20619993,8.7,4.35,0.0,4.35,0.0,0,P0,,,2008,NA
751,R,0,0,0.07474542,5.56,0.0,0.0,0.0,0.0,1,P16,,,2008,NA
752,R,0,0,0.19141765,12.0,4.0,0.0,0.0,0.0,0,P0,,,2008,NA
753,R,0,0,0.092820235,6.25,0.0,0.0,0.0,0.0,1,P10,,,2008,NA
754,R,0,0,0.13355167,11.76,0.0,0.0,0.0,0.0,0,P0,,,2008,NA
755,R,0,0,0.40299785,4.76,0.0,0.0,0.0,0.0,0,P0,,,2008,NA
756,R,0,0,0.2326952,8.33,8.33,0.0,0.0,8.33,0,P0,,,2008,NA
757,R,0,0,0.121750064,0.0,0.0,0.0,0.0,0.0,0,P0,,,2008,NA
758,R,0,1,0.08814205,10.0,0.0,0.0,0.0,0.0,0,P0,,,2008,NA
759,R,0,1,0.06881168,0.0,0.0,0.0,0.0,0.0,1,P8,,,2008,NA
760,R,0,0,0.08115056,12.5,0.0,0.0,0.0,0.0,0,P0,,,2008,NA
761,R,0,0,0.09983297,0.0,0.0,0.0,0.0,0.0,0,P0,,,2008,NA
762,R,0,0,0.1278659,0.0,0.0,0.0,0.0,0.0,0,P0,,,2008,NA
763,R,0,0,0.097139634,0.0,0.0,0.0,0.0,0.0,0,P0,,,2008,NA
764,R,0,0,0.17802764,0.0,0.0,0.0,0.0,0.0,0,P0,,,2008,NA
765,R,0,0,0.11926528,0.0,0.0,0.0,0.0,0.0,0,P0,,,2008,NA
766,R,0,0,0.16121185,33.33,0.0,0.0,0.0,0.0,0,P0,,,2008,NA
767,R,0,0,0.0692327,9.09,0.0,0.0,0.0,0.0,0,P0,,,2008,NA
768,R,0,0,0.21170288,0.0,0.0,0.0,0.0,0.0,0,P0,,,2008,NA
769,R,0,0,0.08904199,5.0,0.0,0.0,0.0,0.0,0,P0,,,2008,NA
770,R,0,1,0.08904199,5.0,0.0,0.0,0.0,0.0,0,P0,,,2008,NA
771,R,0,0,0.121867105,0.0,0.0,0.0,0.0,0.0,0,P0,,,2008,NA
772,R,0,0,0.10947747,0.0,0.0,0.0,0.0,0.0,0,P0,,,2008,NA
773,R,0,0,0.07291588,0.0,0.0,0.0,0.0,0.0,0,P0,,,2008,NA
774,R,0,0,0.15904108,0.0,0.0,0.0,0.0,0.0,0,P0,,,2008,NA
775,R,0,0,0.105313286,0.0,0.0,0.0,0.0,0.0,0,P0,,,2008,NA
776,R,0,0,0.07562153,14.29,0.0,0.0,0.0,0.0,0,P0,,,2008,NA
777,R,0,0,0.15916215,14.29,0.0,0.0,0.0,0.0,0,P13,,,2008,NA
778,R,0,1,0.10600532,0.0,0.0,0.0,0.0,0.0,0,P0,,,2008,NA
779,R,0,0,0.05679701,0.0,0.0,0.0,0.0,0.0,0,P16,,,2008,NA
780,R,0,3,0.096951805,9.09,0.0,0.0,0.0,0.0,1,P16,,,2008,NA
781,R,0,0,0.05495783,0.0,0.0,0.0,0.0,0.0,0,P0,,,2008,NA
782,R,0,1,0.08050988,0.0,0.0,0.0,0.0,0.0,0,P0,,,2008,NA
783,R,0,3,0.047428023,8.0,0.0,0.0,0.0,0.0,0,P16,,Republican Out-Group,2008,OutGroup
784,R,0,1,0.117182516,5.26,0.0,0.0,0.0,0.0,1,P1,,Republican Out-Group,2008,OutGroup
785,R,0,0,0.11133947,0.0,0.0,0.0,0.0,0.0,1,P10,,,2008,NA
786,R,0,1,0.087808296,33.33,0.0,0.0,0.0,0.0,0,P0,,,2008,NA
787,R,0,0,0.04470309,8.7,0.0,0.0,0.0,0.0,0,P0,,,2008,NA
788,R,0,0,0.12002203,0.0,0.0,0.0,0.0,0.0,0,P0,,,2008,NA
789,R,0,1,0.33873218,5.88,0.0,0.0,0.0,0.0,1,P8,,,2008,NA
790,R,0,0,0.09590471,4.55,4.55,0.0,0.0,4.55,0,P0,,,2008,NA
791,R,0,0,0.43975645,0.0,0.0,0.0,0.0,0.0,0,P0,,,2008,NA
792,R,0,1,0.116655834,0.0,0.0,0.0,0.0,0.0,0,P0,,,2008,NA
793,R,0,0,0.060887393,0.0,0.0,0.0,0.0,0.0,0,P19,,,2008,NA
794,R,0,0,0.010251516,26.09,0.0,0.0,0.0,0.0,0,P0,,,2008,NA
795,R,0,0,0.028517684,0.0,0.0,0.0,0.0,0.0,0,P0,,,2008,NA
796,R,0,0,0.06124227,0.0,0.0,0.0,0.0,0.0,0,P0,,,2008,NA
797,R,0,0,0.037103087,0.0,0.0,0.0,0.0,0.0,0,P0,,,2008,NA
798,R,0,0,0.11847344,0.0,0.0,0.0,0.0,0.0,0,P0,,,2008,NA
799,R,0,1,0.11386531,0.0,0.0,0.0,0.0,0.0,0,P0,,,2008,NA
800,R,0,0,0.11139767,3.85,0.0,0.0,0.0,0.0,0,P0,,,2008,NA
801,R,0,0,0.37241843,0.0,0.0,0.0,0.0,0.0,0,P0,,,2008,NA
802,R,0,0,0.20201917,0.0,0.0,0.0,0.0,0.0,1,P8,,,2008,NA
803,R,0,0,0.07473363,4.76,0.0,0.0,0.0,0.0,1,P16,,,2008,NA
804,R,0,0,0.10297844,4.76,0.0,0.0,0.0,0.0,1,P16,,,2008,NA
805,R,0,0,0.13992596,0.0,0.0,0.0,0.0,0.0,0,P0,,,2008,NA
806,R,0,0,0.11981785,0.0,0.0,0.0,0.0,0.0,0,P0,,,2008,NA
807,R,0,0,0.18252614,0.0,0.0,0.0,0.0,0.0,0,P0,,,2008,NA
808,R,0,0,0.08380345,0.0,0.0,0.0,0.0,0.0,0,P0,,,2008,NA
809,R,0,0,0.14600128,0.0,0.0,0.0,0.0,0.0,0,P0,,,2008,NA
810,R,0,0,0.11979881,0.0,0.0,0.0,0.0,0.0,0,P0,,,2008,NA
811,R,0,0,0.10297844,4.76,0.0,0.0,0.0,0.0,1,P16,,,2008,NA
812,R,0,0,0.07026073,0.0,0.0,0.0,0.0,0.0,0,P0,,,2008,NA
813,R,0,1,0.030301198,0.0,0.0,0.0,0.0,0.0,0,P0,,,2008,NA
814,R,0,0,0.08085839,4.17,0.0,0.0,0.0,0.0,0,P0,,,2008,NA
815,R,0,0,0.19738944,0.0,0.0,0.0,0.0,0.0,0,P0,,,2008,NA
816,R,0,0,0.117229864,33.33,0.0,0.0,0.0,0.0,0,P0,,,2008,NA
817,R,0,0,0.08555254,0.0,0.0,0.0,0.0,0.0,0,P0,,,2008,NA
818,R,0,0,0.10786782,0.0,0.0,0.0,0.0,0.0,0,P0,,,2008,NA
819,R,0,0,0.11276461,0.0,0.0,0.0,0.0,0.0,0,P0,,,2008,NA
820,R,0,0,0.08020616,4.55,0.0,0.0,0.0,0.0,0,P0,,,2008,NA
821,R,0,0,0.16308132,3.7,0.0,0.0,0.0,0.0,0,P0,,,2008,NA
822,R,0,0,0.12391967,0.0,0.0,0.0,0.0,0.0,0,P0,,,2008,NA
823,R,0,0,0.08085839,4.17,0.0,0.0,0.0,0.0,0,P0,,,2008,NA
824,R,0,0,0.105772905,0.0,0.0,0.0,0.0,0.0,0,P19,,,2008,NA
825,R,0,0,0.1170294,0.0,0.0,0.0,0.0,0.0,0,P0,,,2008,NA
826,R,0,0,0.23994249,0.0,0.0,0.0,0.0,0.0,0,P0,,,2008,NA
827,R,0,0,0.03343344,0.0,0.0,0.0,0.0,0.0,0,P0,,,2008,NA
828,R,0,0,0.013291201,0.0,0.0,0.0,0.0,0.0,0,P0,,,2008,NA
829,R,0,0,0.015885808,0.0,0.0,0.0,0.0,0.0,0,P0,,,2008,NA
830,R,0,0,0.045151427,0.0,0.0,0.0,0.0,0.0,0,P0,,,2008,NA
831,R,0,0,0.010219179,0.0,0.0,0.0,0.0,0.0,0,P0,,,2008,NA
832,R,0,0,0.06509821,0.0,0.0,0.0,0.0,0.0,0,P0,,,2008,NA
833,R,0,0,0.019460492,0.0,0.0,0.0,0.0,0.0,0,P0,,,2008,NA
834,R,0,0,0.20562,0.0,0.0,0.0,0.0,0.0,0,P0,,,2008,NA
835,R,0,0,0.08760678,0.0,0.0,0.0,0.0,0.0,0,P0,,,2008,NA
836,R,0,0,0.11356509,0.0,0.0,0.0,0.0,0.0,0,P0,,,2008,NA
837,R,0,0,0.08367652,0.0,0.0,0.0,0.0,0.0,0,P0,,,2008,NA
838,R,0,0,0.071902506,7.14,0.0,0.0,0.0,0.0,0,P0,,,2008,NA
839,R,0,0,0.07682299,0.0,0.0,0.0,0.0,0.0,0,P0,,,2008,NA
840,R,0,0,0.13470462,0.0,0.0,0.0,0.0,0.0,1,P10,,,2008,NA
841,R,0,0,0.067193836,4.35,8.7,0.0,8.7,0.0,0,P0,,,2008,NA
842,R,0,0,0.07034993,0.0,0.0,0.0,0.0,0.0,0,P18,,,2008,NA
843,R,0,1,0.07275772,0.0,4.35,0.0,0.0,0.0,1,P1,,,2008,NA
844,R,0,0,0.07026724,16.67,0.0,0.0,0.0,0.0,1,P8,,,2008,NA
845,R,0,0,0.07100788,4.76,0.0,0.0,0.0,0.0,1,P8,,Republican In-Group,2008,InGroup
846,R,0,0,0.09280927,7.14,0.0,0.0,0.0,0.0,1,P8,,Republican Out-Group,2008,OutGroup
847,R,0,0,0.124405116,7.69,7.69,0.0,0.0,0.0,1,P15,,,2008,NA
848,R,0,0,0.06883475,14.29,4.76,4.76,0.0,0.0,0,P0,,,2008,NA
849,R,0,0,0.06473989,20.0,0.0,0.0,0.0,0.0,0,P0,,,2008,NA
850,R,0,0,0.07127918,4.17,0.0,0.0,0.0,0.0,0,P19,,,2008,NA
851,R,0,0,0.24467434,9.09,0.0,0.0,0.0,0.0,0,P0,,,2008,NA
852,R,0,0,0.0717067,0.0,4.35,0.0,0.0,4.35,0,P0,,,2008,NA
853,R,0,1,0.36724806,0.0,0.0,0.0,0.0,0.0,0,P0,,,2008,NA
854,R,0,0,0.24705142,8.33,0.0,0.0,0.0,0.0,1,P15,,,2008,NA
855,R,0,0,0.15648262,0.0,4.0,4.0,0.0,0.0,1,P1,,,2008,NA
856,R,0,0,0.12988357,0.0,0.0,0.0,0.0,0.0,1,P13,,,2008,NA
857,R,0,0,0.09379378,0.0,0.0,0.0,0.0,0.0,1,P13,,,2008,NA
858,R,0,0,0.12122753,0.0,4.35,0.0,0.0,0.0,1,P14,,,2008,NA
859,R,0,0,0.38183194,0.0,0.0,0.0,0.0,0.0,1,P19,,,2008,NA
860,R,0,0,0.19684356,0.0,3.85,0.0,0.0,0.0,1,P13,,,2008,NA
861,R,0,0,0.2796043,0.0,4.17,0.0,0.0,0.0,1,P19,,,2008,NA
862,R,0,0,0.41528356,0.0,0.0,0.0,0.0,0.0,1,P1,,,2008,NA
863,R,0,0,0.55483955,0.0,8.33,0.0,0.0,8.33,1,P19,,,2008,NA
864,R,0,0,0.37962794,0.0,20.83,0.0,4.17,4.17,1,P19,,,2008,NA
865,R,0,0,0.1817542,0.0,0.0,0.0,0.0,0.0,1,P19,,,2008,NA
866,R,0,0,0.11808116,0.0,0.0,0.0,0.0,0.0,1,P5,,,2008,NA
867,R,0,0,0.3220841,0.0,11.54,3.85,0.0,3.85,1,P19,,,2008,NA
868,R,0,0,0.059848607,19.05,0.0,0.0,0.0,0.0,0,P2,,,2008,NA
869,R,0,0,0.07263188,0.0,0.0,0.0,0.0,0.0,0,P0,,Republican In-Group,2008,InGroup
870,R,0,0,0.116839364,0.0,0.0,0.0,0.0,0.0,1,P19,,,2008,NA
871,R,0,0,0.49442247,4.17,0.0,0.0,0.0,0.0,0,P0,,,2008,NA
872,R,0,0,0.0774409,0.0,0.0,0.0,0.0,0.0,1,P19,,,2008,NA
873,R,0,0,0.21155016,0.0,0.0,0.0,0.0,0.0,0,P0,,,2008,NA
874,R,0,1,0.07623019,0.0,0.0,0.0,0.0,0.0,1,P1,,,2008,NA
875,R,0,1,0.0595757,0.0,0.0,0.0,0.0,0.0,1,P19,,,2008,NA
876,R,0,0,0.18143032,0.0,0.0,0.0,0.0,0.0,0,P0,,Republican Out-Group,2008,OutGroup
877,R,0,0,0.12551695,0.0,0.0,0.0,0.0,0.0,0,P19,,,2008,NA
878,R,0,1,0.082049526,33.33,0.0,0.0,0.0,0.0,0,P0,,,2008,NA
879,R,0,0,0.1973252,4.0,0.0,0.0,0.0,0.0,1,P1,,,2008,NA
880,R,0,0,0.04761261,4.55,0.0,0.0,0.0,0.0,0,P0,,,2008,NA
881,R,0,0,0.06177506,0.0,0.0,0.0,0.0,0.0,0,P0,,,2008,NA
882,R,0,0,0.091222666,0.0,0.0,0.0,0.0,0.0,0,P0,,,2008,NA
883,R,0,0,0.106822744,0.0,0.0,0.0,0.0,0.0,0,P0,,,2008,NA
884,R,0,0,0.07377312,8.33,0.0,0.0,0.0,0.0,0,P0,,,2008,NA
885,R,0,0,0.10471518,3.85,0.0,0.0,0.0,0.0,1,P8,,Republican Out-Group,2008,OutGroup
886,R,0,0,0.054019395,4.35,0.0,0.0,0.0,0.0,1,P8,,,2008,NA
887,R,0,0,0.23112883,0.0,3.85,3.85,0.0,0.0,1,P0,,,2008,NA
888,R,0,0,0.14204842,4.35,0.0,0.0,0.0,0.0,1,P8,,,2008,NA
889,R,0,0,0.028929705,0.0,0.0,0.0,0.0,0.0,0,P0,,,2008,NA
890,R,0,0,0.078166984,0.0,0.0,0.0,0.0,0.0,1,P8,,,2008,NA
891,R,0,0,0.097092286,0.0,5.0,0.0,0.0,0.0,1,P1,,,2008,NA
892,R,0,0,0.23431903,0.0,0.0,0.0,0.0,0.0,0,P0,,,2008,NA
893,R,0,0,0.045170475,0.0,0.0,0.0,0.0,0.0,1,P1,,,2008,NA
894,R,0,0,0.06788955,4.17,0.0,0.0,0.0,0.0,1,P3,,,2008,NA
895,R,0,1,0.051881175,11.11,0.0,0.0,0.0,0.0,0,P0,,,2008,NA
896,R,0,0,0.082049526,33.33,0.0,0.0,0.0,0.0,0,P0,,,2008,NA
897,R,0,0,0.07372844,0.0,0.0,0.0,0.0,0.0,0,P16,,,2008,NA
898,R,0,0,0.068182915,0.0,0.0,0.0,0.0,0.0,1,P1,,,2008,NA
899,R,0,0,0.11575247,4.35,4.35,0.0,0.0,0.0,1,P1,,,2008,NA
900,R,0,0,0.06717337,20.0,0.0,0.0,0.0,0.0,0,P0,,,2008,NA
901,R,0,0,0.07430931,50.0,0.0,0.0,0.0,0.0,0,P0,,,2008,NA
902,R,0,0,0.03895369,10.0,0.0,0.0,0.0,0.0,0,P15,,,2008,NA
903,R,0,0,0.111227065,0.0,0.0,0.0,0.0,0.0,0,P0,,,2008,NA
904,R,0,0,0.07076672,4.76,0.0,0.0,0.0,0.0,1,P1,,,2008,NA
905,R,0,0,0.11669386,0.0,0.0,0.0,0.0,0.0,0,P0,,,2008,NA
906,R,0,0,0.07298547,15.79,5.26,0.0,0.0,0.0,0,P15,,,2008,NA
907,R,0,0,0.117297165,0.0,0.0,0.0,0.0,0.0,0,P0,,,2008,NA
908,R,0,0,0.1961126,0.0,0.0,0.0,0.0,0.0,0,P0,,,2008,NA
909,R,0,0,0.2045681,7.14,7.14,7.14,0.0,0.0,1,P1,,,2008,NA
910,R,0,0,0.072202735,4.0,0.0,0.0,0.0,0.0,1,P8,,,2008,NA
911,R,0,0,0.0699466,20.0,0.0,0.0,0.0,0.0,0,P0,,,2008,NA
912,R,0,0,0.29809868,10.53,5.26,0.0,0.0,0.0,1,P9,,,2008,NA
913,R,0,0,0.08063319,0.0,0.0,0.0,0.0,0.0,1,P1,,,2008,NA
914,R,0,0,0.06682085,0.0,0.0,0.0,0.0,0.0,1,P19,,,2008,NA
915,R,0,1,0.21730287,0.0,0.0,0.0,0.0,0.0,1,P13,,,2008,NA
916,R,0,1,0.5338516,4.55,4.55,0.0,0.0,0.0,1,P14,,Republican Out-Group,2008,OutGroup
917,R,0,1,0.23020944,3.7,3.7,0.0,0.0,0.0,1,P1,,,2008,NA
918,R,0,1,0.19331563,9.52,0.0,0.0,0.0,0.0,1,P14,,,2008,NA
919,R,0,2,0.07377417,0.0,0.0,0.0,0.0,0.0,0,P19,,,2008,NA
920,R,0,0,0.05588463,8.0,0.0,0.0,0.0,0.0,1,P13,,,2008,NA
921,R,0,0,0.1877244,0.0,0.0,0.0,0.0,0.0,1,P13,,,2008,NA
922,R,0,0,0.1744914,0.0,0.0,0.0,0.0,0.0,1,P14,,,2008,NA
923,R,0,0,0.14468248,0.0,0.0,0.0,0.0,0.0,1,P14,,,2008,NA
924,R,0,1,0.25447565,0.0,5.0,0.0,0.0,0.0,1,P1,,,2008,NA
925,R,0,0,0.12698072,0.0,0.0,0.0,0.0,0.0,0,P0,,,2008,NA
926,R,0,0,0.05785096,0.0,0.0,0.0,0.0,0.0,0,P0,,,2008,NA
927,R,0,0,0.33696374,4.35,0.0,0.0,0.0,0.0,1,P19,,,2008,NA
928,R,0,0,0.3754511,5.56,0.0,0.0,0.0,0.0,1,P9,,,2008,NA
929,R,0,0,0.22656734,0.0,4.35,0.0,4.35,0.0,1,P11,,,2008,NA
930,R,0,0,0.062041614,20.0,0.0,0.0,0.0,0.0,0,P0,,,2008,NA
931,R,0,0,0.07940858,0.0,10.0,0.0,0.0,10.0,0,P0,,,2008,NA
932,R,0,0,0.14302966,0.0,4.0,0.0,0.0,0.0,1,P14,,,2008,NA
933,R,0,0,0.074628286,14.29,0.0,0.0,0.0,0.0,0,P0,,,2008,NA
934,R,0,0,0.03138419,0.0,0.0,0.0,0.0,0.0,0,P0,,,2008,NA
935,R,0,0,0.19459067,0.0,0.0,0.0,0.0,0.0,1,P14,,,2008,NA
936,R,0,0,0.19742885,6.67,6.67,0.0,3.33,3.33,0,P0,,,2008,NA
937,R,0,1,0.07747701,4.0,0.0,0.0,0.0,0.0,1,P10,,,2008,NA
938,R,0,0,0.10922915,7.41,0.0,0.0,0.0,0.0,0,P1,,,2008,NA
939,R,0,0,0.2317235,0.0,0.0,0.0,0.0,0.0,1,P10,,,2008,NA
940,R,0,0,0.19331297,0.0,0.0,0.0,0.0,0.0,0,P0,,,2008,NA
941,R,0,0,0.06982708,23.08,0.0,0.0,0.0,0.0,0,P0,,,2008,NA
942,R,0,0,0.2047123,4.35,0.0,0.0,0.0,0.0,1,P11,,,2008,NA
943,R,0,1,0.21803065,4.35,0.0,0.0,0.0,0.0,0,P0,,,2008,NA
944,R,0,0,0.0606595,4.35,0.0,0.0,0.0,0.0,0,P0,,Republican In-Group,2008,InGroup
945,R,0,0,0.17383312,5.26,0.0,0.0,0.0,0.0,1,P10,,,2008,NA
946,R,0,0,0.16284548,7.14,0.0,0.0,0.0,0.0,1,P1,,,2008,NA
947,R,0,1,0.119102366,0.0,0.0,0.0,0.0,0.0,1,P12,,,2008,NA
948,R,0,1,0.088002734,9.09,0.0,0.0,0.0,0.0,0,P0,,,2008,NA
949,R,0,0,0.17788903,0.0,0.0,0.0,0.0,0.0,1,P11,,,2008,NA
950,R,0,0,0.10432954,0.0,0.0,0.0,0.0,0.0,1,P9,,,2008,NA
951,R,0,0,0.12817152,0.0,4.55,0.0,4.55,0.0,1,P9,,,2008,NA
952,R,0,0,0.06324562,4.17,0.0,0.0,0.0,0.0,0,P0,,,2008,NA
953,R,0,0,0.14441073,0.0,10.53,0.0,5.26,0.0,0,P0,,,2008,NA
954,R,0,0,0.16539338,0.0,0.0,0.0,0.0,0.0,1,P19,,,2008,NA
955,R,0,0,0.07260103,3.57,0.0,0.0,0.0,0.0,0,P0,,,2008,NA
956,R,0,0,0.17111492,4.0,0.0,0.0,0.0,0.0,0,P0,,,2008,NA
957,R,0,0,0.082049526,33.33,0.0,0.0,0.0,0.0,0,P0,,,2008,NA
958,R,0,0,0.06808524,4.35,0.0,0.0,0.0,0.0,0,P0,,,2008,NA
959,R,0,0,0.20824009,0.0,0.0,0.0,0.0,0.0,0,P0,,,2008,NA
960,R,0,0,0.1321869,9.52,0.0,0.0,0.0,0.0,0,P15,,Republican Out-Group,2008,OutGroup
961,R,0,0,0.11964917,4.76,0.0,0.0,0.0,0.0,1,P1,,,2008,NA
962,R,0,0,0.112495825,0.0,8.33,0.0,0.0,4.17,1,P3,,,2008,NA
963,R,0,0,0.3041519,0.0,5.26,0.0,5.26,0.0,0,P19,,,2008,NA
964,R,0,0,0.11416936,0.0,0.0,0.0,0.0,0.0,1,P1,,,2008,NA
965,R,0,0,0.0775968,0.0,0.0,0.0,0.0,0.0,0,P0,,,2008,NA
966,R,0,0,0.21827756,0.0,0.0,0.0,0.0,0.0,0,P0,,,2008,NA
967,R,0,1,0.16070929,0.0,3.85,3.85,0.0,0.0,0,P0,,,2008,NA
968,R,0,2,0.07254917,0.0,0.0,0.0,0.0,0.0,0,P2,,,2008,NA
969,R,0,1,0.09673444,0.0,0.0,0.0,0.0,0.0,0,P0,,,2008,NA
970,R,0,0,0.05499196,0.0,0.0,0.0,0.0,0.0,0,P0,,,2008,NA
971,R,0,1,0.37319845,0.0,7.69,0.0,0.0,3.85,1,P1,,,2008,NA
972,R,0,0,0.073886216,4.55,4.55,0.0,0.0,0.0,1,P1,,,2008,NA
973,R,0,0,0.17743966,7.69,7.69,0.0,0.0,0.0,1,P19,,,2008,NA
974,R,0,0,0.13300972,0.0,0.0,0.0,0.0,0.0,1,P19,,,2008,NA
975,R,0,0,0.1761146,9.52,0.0,0.0,0.0,0.0,0,P1,,,2008,NA
976,R,0,1,0.092872605,0.0,0.0,0.0,0.0,0.0,0,P0,,,2008,NA
977,R,0,0,0.07196674,4.17,0.0,0.0,0.0,0.0,0,P19,,,2008,NA
978,R,0,0,0.07346396,0.0,13.04,0.0,0.0,0.0,1,P1,,,2008,NA
979,R,0,0,0.14194566,8.7,0.0,0.0,0.0,0.0,0,P16,,,2008,NA
980,R,0,0,0.07196674,4.17,0.0,0.0,0.0,0.0,0,P19,,,2008,NA
981,R,0,0,0.1102731,5.26,10.53,0.0,0.0,0.0,1,P1,,,2008,NA
982,R,0,0,0.09516513,5.0,0.0,0.0,0.0,0.0,1,P1,,,2008,NA
983,R,0,0,0.07155396,0.0,0.0,0.0,0.0,0.0,1,P1,,,2008,NA
984,R,0,0,0.082049526,33.33,0.0,0.0,0.0,0.0,0,P0,,,2008,NA
985,R,1,0,0.028153112,0.0,0.0,0.0,0.0,0.0,0,P10,0.0,,2008,NA
986,R,0,0,0.06643725,0.0,0.0,0.0,0.0,0.0,1,P6,,Republican Out-Group,2008,OutGroup
987,R,0,0,0.052312728,0.0,0.0,0.0,0.0,0.0,1,P14,,,2008,NA
988,R,0,0,0.034710567,0.0,0.0,0.0,0.0,0.0,1,P0,,,2008,NA
989,R,0,0,0.116324164,0.0,0.0,0.0,0.0,0.0,1,P1,,,2008,NA
990,R,0,0,0.24924329,0.0,4.0,0.0,0.0,0.0,1,P14,,,2008,NA
991,R,0,0,0.05603639,4.55,0.0,0.0,0.0,0.0,1,P10,,,2008,NA
992,R,0,0,0.36055666,8.33,0.0,0.0,0.0,0.0,1,P10,,Republican In-Group,2008,InGroup
993,R,0,0,0.11470544,9.09,0.0,0.0,0.0,0.0,1,P10,,,2008,NA
994,R,0,0,0.023369223,0.0,0.0,0.0,0.0,0.0,1,P6,,,2008,NA
995,R,0,0,0.11290993,0.0,0.0,0.0,0.0,0.0,1,P19,,,2008,NA
996,R,0,0,0.1568488,3.45,0.0,0.0,0.0,0.0,0,P18,,,2008,NA
997,R,0,0,0.27231956,0.0,0.0,0.0,0.0,0.0,1,P19,,,2008,NA
998,R,0,0,0.081000805,0.0,0.0,0.0,0.0,0.0,1,P0,,,2008,NA
999,R,0,0,0.21246973,4.0,0.0,0.0,0.0,0.0,0,P19,,,2008,NA
